#ID	peptide_length	length	>200 nt	Fickett_score	pI	ORF_integrity	coding_probability	label
STRG.13	97	1419	yes	0.3577	11.1651001	1	0.145654	noncoding
STRG.26	85	789	yes	0.31464	9.507019043	1	0.0668456	noncoding
STRG.28	11	584	yes	0.37723	9.984313965	1	0.00556077	noncoding
STRG.40	144	4689	yes	0.29395	6.38067627	1	0.578405	coding
STRG.51	24	378	yes	0.30261	4.136901855	1	0.011925	noncoding
STRG.53	61	2921	yes	0.29745	5.557067871	1	0.0399489	noncoding
STRG.64	47	393	yes	0.44337	6.51776123	-1	0.0220501	noncoding
STRG.89	27	327	yes	0.40203	9.684143066	1	0.0119799	noncoding
STRG.111	57	1123	yes	0.29898	8.768493652	1	0.0217642	noncoding
STRG.117	117	8394	yes	0.28518	10.30316162	1	0.127371	noncoding
STRG.118	133	1685	yes	0.32256	9.68939209	1	0.308683	noncoding
STRG.155	105	1319	yes	0.28504	8.293518066	1	0.107185	noncoding
STRG.157	90	4877	yes	0.29526	10.00457764	1	0.0700553	noncoding
STRG.161	45	433	yes	0.35058	9.301696777	1	0.0178294	noncoding
STRG.174	39	842	yes	0.32478	9.523010254	1	0.0137795	noncoding
STRG.181	670	2666	yes	0.47853	5.936828613	1	1	coding
STRG.232	37	2372	yes	0.36143	6.01385498	1	0.0100404	noncoding
STRG.244	27	404	yes	0.34676	10.06048584	1	0.0106022	noncoding
STRG.253	20	322	yes	0.40971	10.43634033	1	0.0115007	noncoding
STRG.254	62	324	yes	0.46562	10.29205322	1	0.187311	noncoding
STRG.300	60	1571	yes	0.30451	8.618103027	1	0.0238547	noncoding
STRG.314	47	378	yes	0.33652	10.02435303	1	0.0217583	noncoding
STRG.320	74	465	yes	0.41964	7.714416504	1	0.113422	noncoding
STRG.324	42	303	yes	0.38774	8.816833496	1	0.017473	noncoding
STRG.339	91	839	yes	0.44177	6.796325684	1	0.339489	noncoding
STRG.345	86	6210	yes	0.33518	9.364440918	1	0.0825494	noncoding
STRG.347	72	525	yes	0.29508	10.42681885	1	0.0446953	noncoding
STRG.349	86	8357	yes	0.28338	9.364440918	1	0.0574369	noncoding
STRG.358	47	2196	yes	0.29852	7.670227051	1	0.0133139	noncoding
STRG.367	90	3077	yes	0.36864	9.299499512	1	0.139996	noncoding
STRG.368	41	3029	yes	0.32921	9.299743652	1	0.0140286	noncoding
STRG.373	30	386	yes	0.40498	10.5647583	1	0.0180965	noncoding
STRG.375	80	498	yes	0.30813	6.227478027	1	0.0715347	noncoding
STRG.385	87	2281	yes	0.34625	7.836853027	1	0.0930179	noncoding
STRG.435	43	295	yes	0.39044	10.04425049	1	0.0256817	noncoding
STRG.470	164	2822	yes	0.39108	4.896179199	1	0.986575	coding
STRG.475	71	1038	yes	0.38532	6.813171387	1	0.071303	noncoding
STRG.497	86	509	yes	0.3851	12.00469971	1	0.108275	noncoding
STRG.551	43	876	yes	0.36776	9.297546387	1	0.0179803	noncoding
STRG.577	64	757	yes	0.32049	9.183166504	1	0.0318416	noncoding
STRG.587	63	1241	yes	0.29637	11.53643799	1	0.0379848	noncoding
STRG.588	21	491	yes	0.3426	6.476379395	-1	0.032222	noncoding
STRG.596	129	2000	yes	0.37002	8.64642334	1	0.524346	coding
STRG.620	53	350	yes	0.4384	5.987731934	1	0.0495672	noncoding
STRG.661	48	266	yes	0.38441	5.75177002	1	0.0248911	noncoding
STRG.665	61	447	yes	0.35593	10.79400635	1	0.0447439	noncoding
STRG.695	60	778	yes	0.33744	9.298034668	1	0.0306804	noncoding
STRG.719	45	289	yes	0.41226	9.487609863	1	0.0305154	noncoding
STRG.738	51	1079	yes	0.31775	11.12213135	1	0.0281509	noncoding
STRG.747	39	364	yes	0.41659	9.472229004	1	0.0234877	noncoding
STRG.775	33	318	yes	0.42117	5.045227051	1	0.0183659	noncoding
STRG.776	57	644	yes	0.41264	9.894104004	1	0.0603905	noncoding
STRG.777	46	1091	yes	0.31666	10.85162354	1	0.0237737	noncoding
STRG.778	48	354	yes	0.39806	9.78338623	-1	0.0939543	noncoding
STRG.779	63	548	yes	0.38417	9.038146973	1	0.0495959	noncoding
STRG.780	13	303	yes	0.31425	5.06060791	1	0.00363692	noncoding
STRG.801	62	1127	yes	0.38633	6.886169434	1	0.0433718	noncoding
STRG.804	68	1679	yes	0.27517	8.537902832	1	0.0321053	noncoding
STRG.806	35	254	yes	0.41385	12.77813721	1	0.0154069	noncoding
STRG.816	35	267	yes	0.4235	4.172180176	1	0.037194	noncoding
STRG.825	129	759	yes	0.34898	8.850646973	1	0.414023	noncoding
STRG.851	97	1101	yes	0.3151	8.331115723	1	0.100486	noncoding
STRG.859	94	495	yes	0.42039	9.493469238	1	0.316335	noncoding
STRG.890	80	1681	yes	0.35096	6.04510498	1	0.0981247	noncoding
STRG.950	25	334	yes	0.36034	6.225280762	1	0.00480817	noncoding
STRG.960	50	1589	yes	0.33136	4.862854004	1	0.0286477	noncoding
STRG.989	46	859	yes	0.37928	4.358825684	1	0.0419447	noncoding
STRG.990	43	335	yes	0.37765	9.652160645	1	0.0211042	noncoding
STRG.992	59	355	yes	0.38402	11.70587158	1	0.047662	noncoding
STRG.996	33	597	yes	0.37503	8.51763916	1	0.0094312	noncoding
STRG.1035	83	250	yes	0.43374	7.683898926	-1	0.0488611	noncoding
STRG.1044	120	818	yes	0.35537	11.05926514	1	0.277903	noncoding
STRG.1055	45	361	yes	0.41878	9.415466309	1	0.0322138	noncoding
STRG.1064	88	435	yes	0.32929	9.198669434	-1	0.144336	noncoding
STRG.1068	126	1191	yes	0.42428	7.702331543	1	0.752658	coding
STRG.1070	21	426	yes	0.42105	4.307678223	1	0.0130212	noncoding
STRG.1071	63	922	yes	0.43528	9.097961426	1	0.0925953	noncoding
STRG.1074	64	955	yes	0.41094	11.42767334	1	0.0841443	noncoding
STRG.1075	55	367	yes	0.31269	9.433654785	1	0.0234728	noncoding
STRG.1097	44	275	yes	0.39476	6.527893066	1	0.017501	noncoding
STRG.1098	87	474	yes	0.30807	10.04388428	1	0.0700858	noncoding
STRG.1103	39	433	yes	0.38963	7.980407715	1	0.0127066	noncoding
STRG.1133	39	690	yes	0.45105	4.906799316	1	0.0331717	noncoding
STRG.1134	123	375	yes	0.38194	11.85980225	-1	0.188674	noncoding
STRG.1138	94	1131	yes	0.30489	11.83209229	1	0.0695292	noncoding
STRG.1157	43	334	yes	0.37834	5.538391113	1	0.0188606	noncoding
STRG.1166	7	212	yes	0.44237	6.487731934	1	1.73E-05	noncoding
STRG.1187	66	1900	yes	0.28698	6.886779785	1	0.0331202	noncoding
STRG.1189	50	470	yes	0.42967	8.840270996	1	0.0409111	noncoding
STRG.1195	70	1283	yes	0.38624	11.46600342	1	0.0769607	noncoding
STRG.1201	12	270	yes	0.4862	5.222351074	-1	0.0125882	noncoding
STRG.1203	59	432	yes	0.37156	9.018859863	1	0.0362574	noncoding
STRG.1204	37	409	yes	0.36742	4.501037598	1	0.0195721	noncoding
STRG.1206	17	295	yes	0.39272	10.28900146	-1	0.102017	noncoding
STRG.1216	97	2015	yes	0.31454	9.299377441	1	0.0986347	noncoding
STRG.1228	28	1091	yes	0.31229	4.316101074	1	0.011939	noncoding
STRG.1231	18	449	yes	0.30665	5.925964355	-1	0.0471271	noncoding
STRG.1232	59	973	yes	0.32534	10.83428955	1	0.0353821	noncoding
STRG.1244	60	2726	yes	0.32477	6.514343262	1	0.0263417	noncoding
STRG.1245	39	1621	yes	0.38828	8.770324707	1	0.0148991	noncoding
STRG.1253	23	753	yes	0.32625	10.90325928	1	0.011936	noncoding
STRG.1263	8	462	yes	0.39958	9.305358887	1	0.00395376	noncoding
STRG.1264	34	693	yes	0.39621	10.08416748	1	0.0180138	noncoding
STRG.1273	92	2410	yes	0.34559	9.619567871	1	0.116651	noncoding
STRG.1274	24	277	yes	0.38474	5.958068848	1	0.00545345	noncoding
STRG.1301	53	2421	yes	0.29343	6.210754395	1	0.021876	noncoding
STRG.1311	14	357	yes	0.45687	10.47894287	-1	0.0778902	noncoding
STRG.1316	159	490	yes	0.39868	9.846984863	-1	0.188792	noncoding
STRG.1327	26	251	yes	0.37198	9.371643066	-1	0.0846467	noncoding
STRG.1335	257	1521	yes	0.40236	6.598083496	1	0.999882	coding
STRG.1398	108	1760	yes	0.33582	8.639099121	1	0.185078	noncoding
STRG.1399	26	610	yes	0.40167	11.55377197	1	0.0160274	noncoding
STRG.1400	18	362	yes	0.45387	9.500061035	-1	0.0476105	noncoding
STRG.1411	91	1214	yes	0.32811	6.539733887	1	0.117448	noncoding
STRG.1439	82	281	yes	0.34773	9.68927002	1	0.0828577	noncoding
STRG.1441	59	883	yes	0.2685	4.79486084	1	0.0867219	noncoding
STRG.1470	59	507	yes	0.35321	10.13885498	1	0.0382131	noncoding
STRG.1481	50	290	yes	0.3871	8.53326416	1	0.0245177	noncoding
STRG.1487	69	1100	yes	0.33474	10.58331299	1	0.0500884	noncoding
STRG.1501	27	377	yes	0.31467	7.940734863	1	0.00562064	noncoding
STRG.1510	45	864	yes	0.37215	9.100036621	1	0.0193009	noncoding
STRG.1512	75	741	yes	0.40112	10.85968018	1	0.121422	noncoding
STRG.1514	64	306	yes	0.44453	6.67401123	1	0.0865634	noncoding
STRG.1516	47	2096	yes	0.29519	8.768859863	1	0.0153804	noncoding
STRG.1522	11	265	yes	0.30988	3.799377441	1	0.00627568	noncoding
STRG.1524	18	490	yes	0.34397	8.802307129	1	0.00463559	noncoding
STRG.1525	24	976	yes	0.33636	5.932434082	1	0.00459697	noncoding
STRG.1529	95	447	yes	0.3594	7.978088379	1	0.151984	noncoding
STRG.1530	222	688	yes	0.46081	9.174133301	-1	0.347195	noncoding
STRG.1537	20	284	yes	0.33113	9.867248535	-1	0.14987	noncoding
STRG.1540	72	675	yes	0.37336	6.001037598	1	0.0817746	noncoding
STRG.1550	55	496	yes	0.38034	12.77813721	1	0.0229355	noncoding
STRG.1560	30	270	yes	0.44849	12.00311279	1	0.0321656	noncoding
STRG.1566	63	410	yes	0.41703	9.020935059	1	0.0719989	noncoding
STRG.1569	46	855	yes	0.3862	4.749206543	1	0.0358305	noncoding
STRG.1575	48	558	yes	0.3959	10.12176514	1	0.0344224	noncoding
STRG.1588	45	1229	yes	0.3653	7.928527832	1	0.0145348	noncoding
STRG.1589	43	269	yes	0.40295	5.627746582	1	0.0228248	noncoding
STRG.1590	17	251	yes	0.35858	7.812194824	1	0.00331408	noncoding
STRG.1595	95	1961	yes	0.34377	6.481018066	1	0.164559	noncoding
STRG.1598	64	1257	yes	0.31909	9.434509277	1	0.0330043	noncoding
STRG.1603	89	625	yes	0.36581	9.899108887	1	0.133755	noncoding
STRG.1618	284	3414	yes	0.36617	5.725402832	1	0.999964	coding
STRG.1651	47	390	yes	0.32752	9.873596191	-1	0.157978	noncoding
STRG.1658	81	3124	yes	0.31934	4.88494873	1	0.141064	noncoding
STRG.1663	60	2209	yes	0.33235	8.980529785	1	0.0280668	noncoding
STRG.1670	59	2023	yes	0.34079	9.375183105	1	0.0305616	noncoding
STRG.1671	42	706	yes	0.41625	5.464538574	1	0.0257757	noncoding
STRG.1678	63	771	yes	0.30509	8.73614502	1	0.0270808	noncoding
STRG.1722	41	575	yes	0.34447	5.946716309	-1	0.0316357	noncoding
STRG.1723	41	575	yes	0.34447	5.946716309	-1	0.0316357	noncoding
STRG.1724	49	1533	yes	0.2667	5.264831543	1	0.0430482	noncoding
STRG.1725	41	575	yes	0.34447	5.946716309	-1	0.0316357	noncoding
STRG.1733	19	257	yes	0.31841	4.686584473	1	0.00569607	noncoding
STRG.1734	62	828	yes	0.48012	9.746643066	1	0.206965	noncoding
STRG.1749	24	459	yes	0.36145	9.69720459	1	0.00852752	noncoding
STRG.1755	60	1335	yes	0.38742	10.43927002	1	0.0557367	noncoding
STRG.1759	46	781	yes	0.37426	9.183166504	1	0.020969	noncoding
STRG.1762	24	292	yes	0.41095	12.00042725	1	0.014765	noncoding
STRG.1776	52	369	yes	0.31828	6.546325684	1	0.0175128	noncoding
STRG.1819	31	1301	yes	0.38525	10.71783447	1	0.0168136	noncoding
STRG.1831	106	594	yes	0.43307	4.948303223	-1	0.0593104	noncoding
STRG.1841	122	4058	yes	0.30581	5.829772949	1	0.428612	noncoding
STRG.1858	134	1557	yes	0.34563	8.288757324	-1	0.132207	noncoding
STRG.1877	39	653	yes	0.42692	9.520935059	1	0.0268172	noncoding
STRG.1886	56	554	yes	0.39441	7.658752441	1	0.0325024	noncoding
STRG.1888	37	814	yes	0.28366	8.887512207	1	0.0119406	noncoding
STRG.1902	138	823	yes	0.33464	8.449890137	1	0.461082	noncoding
STRG.1908	15	287	yes	0.43043	5.274719238	1	0.00526347	noncoding
STRG.1913	101	8355	yes	0.29607	9.445373535	1	0.0950441	noncoding
STRG.1930	53	2218	yes	0.33307	4.909973145	1	0.033203	noncoding
STRG.1935	152	1581	yes	0.36802	8.581848145	1	0.768477	coding
STRG.1943	28	395	yes	0.44235	8.517272949	-1	0.0329496	noncoding
STRG.1950	48	283	yes	0.41639	8.886047363	1	0.0318998	noncoding
STRG.1962	187	913	yes	0.36519	10.58538818	1	0.882243	coding
STRG.1993	87	560	yes	0.33333	9.881652832	1	0.0866894	noncoding
STRG.1995	106	2082	yes	0.29536	8.675964355	1	0.113468	noncoding
STRG.2029	52	379	yes	0.34349	7.741516113	1	0.0177153	noncoding
STRG.2044	12	316	yes	0.37317	10.83441162	-1	0.143546	noncoding
STRG.2053	57	652	yes	0.39276	6.012145996	1	0.0423335	noncoding
STRG.2057	105	1149	yes	0.3161	9.183898926	1	0.130501	noncoding
STRG.2059	47	424	yes	0.32599	4.780456543	1	0.0252019	noncoding
STRG.2061	41	1013	yes	0.30533	9.77911377	1	0.0159778	noncoding
STRG.2063	0	334	yes	0.3865	0	-1	1.72E-05	noncoding
STRG.2070	31	868	yes	0.41731	10.83441162	1	0.0224464	noncoding
STRG.2080	17	292	yes	0.3453	4.136901855	1	0.00614998	noncoding
STRG.2081	48	2735	yes	0.30981	8.61138916	1	0.0151991	noncoding
STRG.2094	37	937	yes	0.38101	9.871643066	1	0.0174652	noncoding
STRG.2101	69	1125	yes	0.45541	6.692687988	1	0.122961	noncoding
STRG.2118	48	286	yes	0.42126	9.29888916	1	0.0375032	noncoding
STRG.2119	63	1608	yes	0.36428	8.02166748	1	0.0359182	noncoding
STRG.2120	95	1576	yes	0.34307	9.637878418	1	0.126204	noncoding
STRG.2136	33	346	yes	0.33175	12.17633057	1	0.015859	noncoding
STRG.2149	47	1270	yes	0.34762	10.45318604	1	0.0248514	noncoding
STRG.2153	58	1452	yes	0.32551	5.691955566	1	0.0304142	noncoding
STRG.2158	65	585	yes	0.37451	10.22784424	1	0.0588151	noncoding
STRG.2168	101	1909	yes	0.31985	9.11895752	1	0.11898	noncoding
STRG.2169	46	913	yes	0.36603	11.38140869	1	0.0278407	noncoding
STRG.2178	20	269	yes	0.4045	4.027648926	1	0.012802	noncoding
STRG.2181	10	378	yes	0.34672	5.58770752	1	1.54E-05	noncoding
STRG.2183	47	976	yes	0.34786	6.688537598	1	0.0143907	noncoding
STRG.2188	45	423	yes	0.45117	5.061950684	1	0.0452449	noncoding
STRG.2201	19	507	yes	0.3361	7.954162598	-1	0.0671141	noncoding
STRG.2208	57	510	yes	0.39193	10.45318604	1	0.0515691	noncoding
STRG.2209	52	906	yes	0.42516	4.100524902	1	0.117287	noncoding
STRG.2213	118	524	yes	0.40973	9.743835449	1	0.56605	coding
STRG.2215	144	744	yes	0.40409	6.297302246	1	0.911155	coding
STRG.2217	32	305	yes	0.357	6.801818848	1	0.00662582	noncoding
STRG.2283	51	244	yes	0.39356	9.860412598	1	0.0365906	noncoding
STRG.2296	79	1060	yes	0.35217	10.15875244	1	0.080192	noncoding
STRG.2305	16	663	yes	0.39797	8.023376465	1	0.00381877	noncoding
STRG.2317	41	293	yes	0.39682	9.182922363	1	0.0197381	noncoding
STRG.2320	58	578	yes	0.39354	8.086853027	1	0.0370344	noncoding
STRG.2322	25	246	yes	0.46468	10.34698486	1	0.0300253	noncoding
STRG.2323	19	601	yes	0.37857	5.960998535	1	0.00387289	noncoding
STRG.2329	64	406	yes	0.42181	10.71295166	1	0.103482	noncoding
STRG.2333	13	294	yes	0.30145	5.274719238	1	0.00393916	noncoding
STRG.2339	43	293	yes	0.35383	9.381286621	-1	0.110015	noncoding
STRG.2340	24	671	yes	0.32051	4.529602051	1	0.00800928	noncoding
STRG.2346	75	2983	yes	0.28267	9.827941895	1	0.0442137	noncoding
STRG.2372	41	395	yes	0.40313	9.698059082	1	0.024089	noncoding
STRG.2393	59	3167	yes	0.31692	7.979187012	1	0.0221346	noncoding
STRG.2430	71	1491	yes	0.34171	9.052185059	1	0.0474132	noncoding
STRG.2433	17	265	yes	0.4276	9.692199707	1	0.00906783	noncoding
STRG.2443	62	1518	yes	0.36754	8.476501465	1	0.0369211	noncoding
STRG.2446	44	316	yes	0.4465	9.69720459	1	0.0479037	noncoding
STRG.2447	68	1886	yes	0.35744	4.440734863	1	0.115951	noncoding
STRG.2454	53	421	yes	0.43332	9.92791748	1	0.0662991	noncoding
STRG.2497	75	310	yes	0.40126	9.809753418	-1	0.111508	noncoding
STRG.2500	59	948	yes	0.33936	9.780090332	1	0.0327474	noncoding
STRG.2519	58	317	yes	0.45716	10.01690674	1	0.126019	noncoding
STRG.2522	45	650	yes	0.44818	9.514099121	1	0.048782	noncoding
STRG.2533	208	978	yes	0.43809	5.532775879	1	0.999474	coding
STRG.2541	41	579	yes	0.36906	7.786071777	1	0.0118976	noncoding
STRG.2542	71	310	yes	0.40803	10.2744751	-1	0.126382	noncoding
STRG.2565	161	966	yes	0.4557	5.066833496	-1	0.167991	noncoding
STRG.2567	57	729	yes	0.42795	8.571350098	1	0.055029	noncoding
STRG.2588	47	1838	yes	0.32727	9.15032959	1	0.0169706	noncoding
STRG.2594	32	461	yes	0.39777	6.008850098	1	0.00968963	noncoding
STRG.2598	66	326	yes	0.41764	3.726257324	1	0.306788	noncoding
STRG.2610	120	3171	yes	0.35766	10.81134033	1	0.301344	noncoding
STRG.2632	50	379	yes	0.39657	6.806091309	-1	0.0278645	noncoding
STRG.2642	28	259	yes	0.43578	12.00006104	1	0.0236456	noncoding
STRG.2645	49	250	yes	0.29921	11.34661865	1	0.0277369	noncoding
STRG.2668	53	306	yes	0.41438	8.682678223	1	0.0388577	noncoding
STRG.2674	42	417	yes	0.42613	9.862609863	1	0.0342004	noncoding
STRG.2693	18	308	yes	0.38683	5.87689209	1	0.00390561	noncoding
STRG.2714	52	381	yes	0.39572	9.100891113	-1	0.0723238	noncoding
STRG.2721	69	820	yes	0.32284	10.77496338	1	0.0469982	noncoding
STRG.2726	19	293	yes	0.34902	12.00006104	1	0.0105781	noncoding
STRG.2730	39	477	yes	0.34586	8.801574707	1	0.0117947	noncoding
STRG.2734	39	284	yes	0.45807	7.917297363	1	0.0232081	noncoding
STRG.2764	51	1211	yes	0.31581	10.30047607	1	0.0250194	noncoding
STRG.2766	40	738	yes	0.38573	6.690856934	1	0.0125342	noncoding
STRG.2772	39	1006	yes	0.38738	4.250793457	1	0.0316541	noncoding
STRG.2781	54	947	yes	0.33434	11.0479126	1	0.0317476	noncoding
STRG.2789	116	3150	yes	0.34062	9.577575684	-1	0.157384	noncoding
STRG.2795	58	582	yes	0.39808	9.30279541	1	0.0475429	noncoding
STRG.2796	37	1101	yes	0.33921	5.265197754	1	0.0116517	noncoding
STRG.2804	25	425	yes	0.36354	3.563415527	1	0.0158324	noncoding
STRG.2808	82	2436	yes	0.27678	11.13287354	1	0.0576146	noncoding
STRG.2812	17	290	yes	0.42862	5.478088379	1	0.00546936	noncoding
STRG.2820	243	1260	yes	0.44625	9.032653809	-1	0.367814	noncoding
STRG.2832	160	4034	yes	0.31292	8.944885254	1	0.54124	coding
STRG.2854	77	697	yes	0.35019	8.435241699	1	0.0622766	noncoding
STRG.2861	25	275	yes	0.40083	4.535095215	1	0.012283	noncoding
STRG.2868	188	613	yes	0.47542	8.196838379	-1	0.226322	noncoding
STRG.2871	55	2016	yes	0.36302	10.15692139	1	0.0352244	noncoding
STRG.2886	99	2453	yes	0.30159	5.737365723	1	0.198321	noncoding
STRG.2893	67	648	yes	0.36247	7.82611084	1	0.0426514	noncoding
STRG.2911	0	700	yes	0.34686	0	-1	1.08E-06	noncoding
STRG.2926	28	469	yes	0.42317	7.730529785	1	0.00853153	noncoding
STRG.2927	67	2052	yes	0.3295	10.02227783	1	0.0427462	noncoding
STRG.2947	105	2279	yes	0.37649	7.641784668	1	0.28908	noncoding
STRG.2957	41	640	yes	0.29275	11.43536377	1	0.0241785	noncoding
STRG.2958	54	783	yes	0.41776	8.713806152	1	0.0428481	noncoding
STRG.2960	48	432	yes	0.39054	10.74822998	1	0.0357849	noncoding
STRG.2965	13	422	yes	0.28703	10.30133057	1	0.00954341	noncoding
STRG.2966	57	563	yes	0.41678	10.05450439	1	0.0655563	noncoding
STRG.2974	77	1186	yes	0.37816	11.66314697	1	0.0850907	noncoding
STRG.2976	28	308	yes	0.43724	6.516906738	-1	0.01636	noncoding
STRG.2977	35	574	yes	0.32939	4.571105957	1	0.0141899	noncoding
STRG.2981	77	3845	yes	0.32477	9.300720215	1	0.0537286	noncoding
STRG.2994	47	436	yes	0.42232	10.24029541	1	0.0455054	noncoding
STRG.3002	70	1570	yes	0.39997	9.298522949	1	0.0859458	noncoding
STRG.3003	74	876	yes	0.42285	9.23638916	1	0.137732	noncoding
STRG.3008	62	668	yes	0.45861	12.47821045	-1	0.194435	noncoding
STRG.3018	80	865	yes	0.39599	11.9463501	1	0.105023	noncoding
STRG.3031	38	324	yes	0.39182	10.04425049	1	0.0206949	noncoding
STRG.3039	40	395	yes	0.39709	9.745788574	1	0.0219908	noncoding
STRG.3064	80	686	yes	0.33496	6.530212402	1	0.0739963	noncoding
STRG.3071	32	467	yes	0.35398	10.03668213	1	0.0130035	noncoding
STRG.3074	104	2395	yes	0.35767	8.379821777	1	0.21056	noncoding
STRG.3095	59	527	yes	0.34836	10.78057861	1	0.0396046	noncoding
STRG.3104	200	996	yes	0.39079	12.15533447	-1	0.203071	noncoding
STRG.3105	500	1628	yes	0.41296	7.053283691	-1	0.928482	coding
STRG.3109	21	520	yes	0.40316	12.00006104	1	0.0123318	noncoding
STRG.3123	113	1573	yes	0.28572	8.905334473	1	0.127902	noncoding
STRG.3135	323	2109	yes	0.37841	6.256896973	1	0.999996	coding
STRG.3136	86	647	yes	0.35207	12.20672607	1	0.0679535	noncoding
STRG.3137	275	1657	yes	0.31794	5.788879395	1	0.999602	coding
STRG.3138	269	1329	yes	0.4249	4.594421387	1	0.999995	coding
STRG.3140	323	2527	yes	0.3759	6.027893066	1	0.999997	coding
STRG.3141	175	960	yes	0.39275	4.740905762	-1	0.13746	noncoding
STRG.3157	2	309	yes	0.42991	5.274963379	1	1.47E-05	noncoding
STRG.3160	2	395	yes	0.36788	5.274963379	1	7.57E-06	noncoding
STRG.3169	101	3214	yes	0.32386	6.485778809	1	0.178671	noncoding
STRG.3196	51	262	yes	0.42973	5.425231934	1	0.0514323	noncoding
STRG.3201	15	318	yes	0.41875	10.06060791	-1	0.0747541	noncoding
STRG.3206	17	270	yes	0.42362	7.821838379	1	0.00454662	noncoding
STRG.3209	94	1586	yes	0.34508	10.28436279	1	0.125287	noncoding
STRG.3243	74	383	yes	0.37014	8.03704834	1	0.0652712	noncoding
STRG.3248	19	295	yes	0.36111	3.563415527	-1	0.00905668	noncoding
STRG.3250	23	662	yes	0.3415	3.665710449	1	0.0115412	noncoding
STRG.3251	28	250	yes	0.47075	6.497131348	1	0.00991638	noncoding
STRG.3261	36	326	yes	0.38532	9.500061035	1	0.0154528	noncoding
STRG.3262	37	342	yes	0.36317	6.693664551	1	0.00905144	noncoding
STRG.3263	49	864	yes	0.28518	4.799987793	1	0.0389913	noncoding
STRG.3273	16	344	yes	0.34839	4.676940918	-1	0.0137084	noncoding
STRG.3277	47	1192	yes	0.39308	4.676818848	1	0.0428463	noncoding
STRG.3281	48	1139	yes	0.38639	9.023620605	-1	0.0727404	noncoding
STRG.3293	135	3319	yes	0.34512	9.252624512	1	0.445925	noncoding
STRG.3297	87	1311	yes	0.32574	6.891296387	-1	0.084498	noncoding
STRG.3314	31	321	yes	0.35204	3.503723145	1	0.0219373	noncoding
STRG.3315	92	2467	yes	0.33264	5.749816895	1	0.168093	noncoding
STRG.3336	80	1807	yes	0.33478	7.578552246	1	0.0619687	noncoding
STRG.3342	69	292	yes	0.40575	7.058654785	-1	0.0365611	noncoding
STRG.3355	104	2485	yes	0.35663	8.881530762	1	0.20509	noncoding
STRG.3365	29	283	yes	0.31313	5.837463379	1	0.00663235	noncoding
STRG.3370	162	15382	yes	0.28266	9.244567871	1	0.381811	noncoding
STRG.3386	94	593	yes	0.3925	9.387390137	1	0.221761	noncoding
STRG.3388	51	273	yes	0.33197	6.05682373	-1	0.0438077	noncoding
STRG.3400	98	800	yes	0.36294	11.10455322	1	0.162093	noncoding
STRG.3408	52	2859	yes	0.36048	9.78326416	1	0.0285011	noncoding
STRG.3434	64	2244	yes	0.29441	8.50604248	1	0.0270307	noncoding
STRG.3465	101	3520	yes	0.30573	10.66534424	1	0.100556	noncoding
STRG.3470	19	288	yes	0.44798	6.487731934	1	0.00531536	noncoding
STRG.3478	79	5127	yes	0.28518	9.745788574	1	0.0489173	noncoding
STRG.3486	67	490	yes	0.36612	6.82989502	1	0.0470325	noncoding
STRG.3493	80	2410	yes	0.28496	10.97186279	1	0.0550753	noncoding
STRG.3498	52	518	yes	0.29231	9.039245605	1	0.0193826	noncoding
STRG.3500	44	301	yes	0.3525	7.857849121	1	0.0127109	noncoding
STRG.3501	106	1613	yes	0.35965	9.800231934	1	0.225862	noncoding
STRG.3508	77	524	yes	0.39622	10.9755249	1	0.121835	noncoding
STRG.3513	26	467	yes	0.42689	9.782165527	1	0.0148707	noncoding
STRG.3541	36	742	yes	0.35775	8.840148926	1	0.0109084	noncoding
STRG.3543	107	1219	yes	0.3911	5.392028809	1	0.572956	coding
STRG.3551	42	757	yes	0.37389	8.18145752	1	0.0137321	noncoding
STRG.3583	81	790	yes	0.48151	8.854431152	1	0.356556	noncoding
STRG.3611	24	357	yes	0.45618	6.484069824	1	0.00754602	noncoding
STRG.3613	120	2210	yes	0.37635	7.963684082	1	0.463651	noncoding
STRG.3614	71	1372	yes	0.29776	8.889587402	1	0.0359348	noncoding
STRG.3619	65	1657	yes	0.33404	11.79632568	1	0.0403581	noncoding
STRG.3633	66	2004	yes	0.37775	9.055236816	1	0.0535515	noncoding
STRG.3644	14	311	yes	0.44155	4.529724121	1	0.00767903	noncoding
STRG.3683	114	2505	yes	0.32762	10.47674561	1	0.183316	noncoding
STRG.3685	59	2042	yes	0.35777	7.978942871	1	0.0278521	noncoding
STRG.3688	44	1238	yes	0.35107	9.837219238	1	0.0196974	noncoding
STRG.3694	20	264	yes	0.42699	4.36907959	-1	0.0132999	noncoding
STRG.3699	39	368	yes	0.42547	8.787658691	-1	0.0460616	noncoding
STRG.3705	81	593	yes	0.44795	7.769836426	1	0.217726	noncoding
STRG.3721	53	437	yes	0.44653	9.577209473	1	0.0736452	noncoding
STRG.3740	74	609	yes	0.41996	4.949401855	1	0.233192	noncoding
STRG.3766	88	2511	yes	0.27678	11.65594482	1	0.0618874	noncoding
STRG.3770	129	3405	yes	0.30492	9.16998291	1	0.236051	noncoding
STRG.3771	59	361	yes	0.47269	12.31219482	1	0.170392	noncoding
STRG.3817	34	562	yes	0.35582	10.26641846	1	0.0150739	noncoding
STRG.3820	91	703	yes	0.34436	10.59088135	1	0.111481	noncoding
STRG.3889	84	369	yes	0.42021	10.2756958	1	0.226455	noncoding
STRG.3911	29	338	yes	0.32231	9.492736816	1	0.00942279	noncoding
STRG.3912	65	3646	yes	0.3439	10.69744873	1	0.0469888	noncoding
STRG.3913	137	743	yes	0.36293	8.501037598	1	0.590396	coding
STRG.3915	77	389	yes	0.38792	8.335754395	1	0.0933575	noncoding
STRG.3916	38	261	yes	0.35522	6.808410645	1	0.00910236	noncoding
STRG.3929	162	2392	yes	0.35318	10.88079834	1	0.638551	coding
STRG.3930	142	1083	yes	0.35398	10.12213135	1	0.525198	coding
STRG.3956	96	2277	yes	0.39805	9.695983887	-1	0.123958	noncoding
STRG.3974	47	867	yes	0.36007	9.840026855	1	0.0233913	noncoding
STRG.3978	26	292	yes	0.30298	6.507141113	1	0.00542345	noncoding
STRG.3980	87	838	yes	0.35335	11.18255615	1	0.101396	noncoding
STRG.3988	41	1113	yes	0.34467	10.637146	1	0.0204673	noncoding
STRG.3990	58	781	yes	0.27566	8.210144043	-1	0.162507	noncoding
STRG.3999	49	375	yes	0.37666	10.01959229	1	0.0297294	noncoding
STRG.4027	95	766	yes	0.31182	12.12518311	1	0.0657614	noncoding
STRG.4081	16	261	yes	0.41809	4.55657959	1	0.00772463	noncoding
STRG.4099	66	521	yes	0.38999	4.950012207	-1	0.0252031	noncoding
STRG.4101	66	521	yes	0.38999	4.950012207	-1	0.0252031	noncoding
STRG.4104	66	521	yes	0.39251	4.950012207	-1	0.0252315	noncoding
STRG.4124	58	546	yes	0.38377	11.47479248	1	0.0483001	noncoding
STRG.4136	48	620	yes	0.36313	9.94732666	1	0.0254585	noncoding
STRG.4143	267	1459	yes	0.41668	5.541931152	1	0.999984	coding
STRG.4144	267	1459	yes	0.41668	5.541931152	1	0.999984	coding
STRG.4145	267	1459	yes	0.41668	5.541931152	1	0.999984	coding
STRG.4146	267	1459	yes	0.41668	5.541931152	1	0.999984	coding
STRG.4147	267	1459	yes	0.41668	5.541931152	1	0.999984	coding
STRG.4148	267	1459	yes	0.41668	5.541931152	1	0.999984	coding
STRG.4152	33	582	yes	0.35285	4.677062988	-1	0.0167857	noncoding
STRG.4203	86	3477	yes	0.32153	10.78704834	1	0.0762153	noncoding
STRG.4204	29	501	yes	0.42176	7.939880371	1	0.00930587	noncoding
STRG.4206	66	1191	yes	0.35209	4.621032715	1	0.0893082	noncoding
STRG.4217	48	1070	yes	0.3965	5.176696777	1	0.0359024	noncoding
STRG.4233	90	702	yes	0.30739	5.725402832	1	0.137773	noncoding
STRG.4242	126	2649	yes	0.30274	11.42120361	1	0.149634	noncoding
STRG.4253	106	858	yes	0.29173	11.21795654	1	0.0951435	noncoding
STRG.4256	578	1749	yes	0.44589	6.076721191	-1	0.993743	coding
STRG.4260	130	908	yes	0.30375	8.070007324	1	0.281803	noncoding
STRG.4261	130	861	yes	0.3084	8.070007324	1	0.2955	noncoding
STRG.4266	23	290	yes	0.35801	11.82391357	1	0.0120671	noncoding
STRG.4281	28	257	yes	0.41436	11.40008545	1	0.0196947	noncoding
STRG.4285	61	495	yes	0.40158	8.38079834	1	0.0488771	noncoding
STRG.4288	114	1376	yes	0.2771	9.737243652	1	0.116441	noncoding
STRG.4290	52	874	yes	0.40631	10.16326904	1	0.0465503	noncoding
STRG.4308	67	1652	yes	0.33436	9.921081543	1	0.0435366	noncoding
STRG.4321	64	950	yes	0.34787	5.960754395	1	0.0423192	noncoding
STRG.4322	64	2445	yes	0.34727	4.469299316	1	0.0836694	noncoding
STRG.4323	33	360	yes	0.34448	6.688049316	1	0.00676074	noncoding
STRG.4379	49	292	yes	0.47178	7.644714355	1	0.0440268	noncoding
STRG.4392	104	911	yes	0.37354	11.80523682	1	0.178334	noncoding
STRG.4446	47	479	yes	0.33042	8.143127441	-1	0.0913141	noncoding
STRG.4475	29	920	yes	0.35567	4.172180176	1	0.0131679	noncoding
STRG.4477	148	1582	yes	0.33979	10.25518799	1	0.494211	noncoding
STRG.4509	43	1793	yes	0.34562	5.477355957	1	0.0154112	noncoding
STRG.4545	24	473	yes	0.44111	10.5647583	-1	0.0929787	noncoding
STRG.4548	54	443	yes	0.34882	10.94000244	1	0.033719	noncoding
STRG.4558	48	308	yes	0.32421	6.245788574	-1	0.0511605	noncoding
STRG.4559	34	402	yes	0.38041	12.00567627	-1	0.176861	noncoding
STRG.4563	103	3719	yes	0.28338	5.490539551	1	0.267311	noncoding
STRG.4594	51	675	yes	0.42409	9.757751465	1	0.0508277	noncoding
STRG.4604	97	420	yes	0.32927	6.96270752	-1	0.089145	noncoding
STRG.4620	58	680	yes	0.40031	8.438537598	1	0.041556	noncoding
STRG.4628	40	252	yes	0.46634	5.97467041	1	0.0230139	noncoding
STRG.4658	101	1525	yes	0.34386	8.691955566	1	0.157236	noncoding
STRG.4659	44	946	yes	0.36209	7.917541504	1	0.0135174	noncoding
STRG.4663	80	2323	yes	0.31464	8.395935059	1	0.0523248	noncoding
STRG.4682	113	4331	yes	0.32386	9.930603027	1	0.178115	noncoding
STRG.4696	45	321	yes	0.26966	9.102600098	1	0.0179739	noncoding
STRG.4702	33	299	yes	0.43425	6.815246582	-1	0.0189532	noncoding
STRG.4705	0	331	yes	0.37523	0	-1	6.69E-06	noncoding
STRG.4723	44	265	yes	0.43365	6.045593262	1	0.0268407	noncoding
STRG.4724	68	1241	yes	0.33518	7.956848145	1	0.0358729	noncoding
STRG.4732	68	252	yes	0.3718	7.998840332	-1	0.0632489	noncoding
STRG.4734	254	1252	yes	0.46568	6.86920166	1	0.999957	coding
STRG.4777	126	3979	yes	0.28531	11.253479	1	0.132834	noncoding
STRG.4780	82	592	yes	0.37478	9.693664551	1	0.112068	noncoding
STRG.4794	59	288	yes	0.33425	5.315490723	-1	0.036193	noncoding
STRG.4801	10	291	yes	0.3814	5.587463379	1	1.89E-05	noncoding
STRG.4810	34	297	yes	0.3944	9.382629395	1	0.0144786	noncoding
STRG.4818	30	472	yes	0.36933	5.895202637	1	0.00720045	noncoding
STRG.4829	23	325	yes	0.48639	6.519104004	-1	0.0143149	noncoding
STRG.4842	20	372	yes	0.323	5.274719238	1	0.00461129	noncoding
STRG.4853	51	1809	yes	0.3823	4.861022949	1	0.0439543	noncoding
STRG.4861	67	1527	yes	0.35945	7.700134277	1	0.0414089	noncoding
STRG.4867	86	1072	yes	0.2947	8.489685059	1	0.0585709	noncoding
STRG.4868	241	2110	yes	0.30307	9.136779785	1	0.93919	coding
STRG.4877	55	1663	yes	0.34346	8.129943848	1	0.0211639	noncoding
STRG.4878	30	288	yes	0.43474	10.95953369	-1	0.117684	noncoding
STRG.4883	382	2626	yes	0.22849	11.26483154	-1	1.45E-05	noncoding
STRG.4884	141	1608	yes	0.28914	12.18035889	1	0.122863	noncoding
STRG.4891	141	1608	yes	0.27705	12.18035889	1	0.112908	noncoding
STRG.4895	74	1647	yes	0.30197	8.934997559	1	0.0405604	noncoding
STRG.4896	58	475	yes	0.35848	5.592712402	1	0.0375998	noncoding
STRG.4911	125	770	yes	0.29514	9.096740723	1	0.191278	noncoding
STRG.4912	125	770	yes	0.27204	9.340148926	1	0.152121	noncoding
STRG.4936	40	278	yes	0.30522	10.80657959	1	0.0202688	noncoding
STRG.4937	23	264	yes	0.32626	4.749816895	-1	0.0210803	noncoding
STRG.4938	23	264	yes	0.32626	4.749816895	-1	0.0210803	noncoding
STRG.4947	52	371	yes	0.31601	11.24261475	1	0.029049	noncoding
STRG.4951	59	661	yes	0.31256	9.358337402	1	0.0265694	noncoding
STRG.4955	50	814	yes	0.3696	9.936950684	-1	0.121931	noncoding
STRG.4957	51	634	yes	0.33178	9.099182129	1	0.0199536	noncoding
STRG.4965	36	291	yes	0.44383	9.18182373	1	0.0251783	noncoding
STRG.4974	68	869	yes	0.37218	11.02618408	1	0.0658213	noncoding
STRG.4976	0	309	yes	0.37651	0	-1	7.41E-06	noncoding
STRG.4979	69	508	yes	0.34159	4.856994629	1	0.0856665	noncoding
STRG.4992	26	577	yes	0.38231	9.261535645	-1	0.0723805	noncoding
STRG.4994	2	270	yes	0.37794	5.274963379	1	8.22E-06	noncoding
STRG.5033	33	284	yes	0.39793	8.907531738	1	0.0122537	noncoding
STRG.5034	98	1038	yes	0.31339	11.30548096	1	0.0918353	noncoding
STRG.5061	45	318	yes	0.41826	6.706115723	1	0.022222	noncoding
STRG.5083	39	253	yes	0.397	10.94000244	1	0.0263891	noncoding
STRG.5146	39	262	yes	0.36583	10.28448486	-1	0.135627	noncoding
STRG.5165	48	648	yes	0.35263	9.687683105	1	0.0225066	noncoding
STRG.5170	51	493	yes	0.36242	9.588806152	1	0.0265377	noncoding
STRG.5201	75	2477	yes	0.3387	8.987976074	1	0.0539425	noncoding
STRG.5207	12	438	yes	0.23919	3.998840332	1	0.0698393	noncoding
STRG.5208	20	275	yes	0.41802	5.752746582	-1	0.0129997	noncoding
STRG.5235	82	419	yes	0.35469	9.508239746	1	0.0878919	noncoding
STRG.5236	210	1272	yes	0.35468	11.38739014	1	0.876606	coding
STRG.5237	1	369	yes	0.33337	5.274963379	-1	0.0178508	noncoding
STRG.5255	41	1149	yes	0.32934	9.777282715	1	0.0160677	noncoding
STRG.5269	54	702	yes	0.41238	10.79400635	1	0.059018	noncoding
STRG.5308	17	396	yes	0.42837	9.006652832	-1	0.0401892	noncoding
STRG.5314	58	1507	yes	0.41138	8.684387207	1	0.0489027	noncoding
STRG.5316	90	2432	yes	0.34039	8.346130371	1	0.0980252	noncoding
STRG.5336	78	4978	yes	0.28982	10.01947021	1	0.0495047	noncoding
STRG.5399	34	694	yes	0.37792	11.00006104	1	0.0189006	noncoding
STRG.5411	51	740	yes	0.31088	9.223205566	1	0.0193795	noncoding
STRG.5412	50	1484	yes	0.34647	10.01495361	1	0.0253806	noncoding
STRG.5432	40	826	yes	0.34648	9.698059082	1	0.0158617	noncoding
STRG.5437	171	3854	yes	0.28796	5.40057373	-1	0.188485	noncoding
STRG.5443	36	814	yes	0.34996	4.245300293	1	0.0187581	noncoding
STRG.5448	50	793	yes	0.47459	9.415710449	1	0.0922262	noncoding
STRG.5453	57	1091	yes	0.30494	9.183532715	1	0.0235364	noncoding
STRG.5454	65	872	yes	0.3637	8.517272949	1	0.0412967	noncoding
STRG.5483	83	480	yes	0.35515	9.942077637	1	0.0947162	noncoding
STRG.5486	90	823	yes	0.37895	11.00006104	1	0.155429	noncoding
STRG.5523	30	239	yes	0.412	9.496398926	1	0.0142524	noncoding
STRG.5554	62	999	yes	0.36218	8.614318848	1	0.0358737	noncoding
STRG.5587	110	2317	yes	0.28311	8.656188965	1	0.11822	noncoding
STRG.5607	93	2432	yes	0.30828	4.484436035	1	0.292787	noncoding
STRG.5636	85	410	yes	0.45899	8.882873535	1	0.333957	noncoding
STRG.5651	35	257	yes	0.38822	12.19232178	-1	0.174874	noncoding
STRG.5656	73	1709	yes	0.34787	9.435241699	1	0.0570423	noncoding
STRG.5659	65	851	yes	0.3335	6.893371582	1	0.0326214	noncoding
STRG.5671	116	2943	yes	0.28588	10.30743408	1	0.125173	noncoding
STRG.5709	30	256	yes	0.47133	9.513977051	1	0.0307414	noncoding
STRG.5710	108	2576	yes	0.27851	12.19769287	-1	0.0697757	noncoding
STRG.5751	102	2943	yes	0.31979	8.909606934	1	0.123419	noncoding
STRG.5757	28	349	yes	0.43176	7.801086426	1	0.00927298	noncoding
STRG.5763	28	258	yes	0.3417	6.494689941	1	0.00523911	noncoding
STRG.5765	40	287	yes	0.32514	9.493103027	-1	0.145056	noncoding
STRG.5772	45	977	yes	0.38303	11.88519287	1	0.0272372	noncoding
STRG.5795	69	1884	yes	0.31561	6.545471191	1	0.0394916	noncoding
STRG.5799	42	262	yes	0.35303	9.871643066	1	0.0185005	noncoding
STRG.5802	29	255	yes	0.36867	11.8348999	-1	0.180435	noncoding
STRG.5822	45	1295	yes	0.30117	7.998718262	1	0.0124518	noncoding
STRG.5828	49	765	yes	0.38636	9.781677246	1	0.030674	noncoding
STRG.5835	37	283	yes	0.45061	10.31011963	-1	0.0897614	noncoding
STRG.5860	87	1200	yes	0.2845	5.683898926	1	0.130263	noncoding
STRG.5865	120	5254	yes	0.28982	8.824279785	1	0.163129	noncoding
STRG.5899	48	260	yes	0.43942	7.604309082	-1	0.0294112	noncoding
STRG.5900	33	254	yes	0.39809	8.364440918	1	0.0105846	noncoding
STRG.5913	36	2181	yes	0.29772	7.96295166	1	0.00880095	noncoding
STRG.5923	5	362	yes	0.32134	8.500061035	-1	0.0984472	noncoding
STRG.5937	48	823	yes	0.34708	6.511901855	1	0.0154992	noncoding
STRG.5938	44	256	yes	0.38838	5.149475098	-1	0.0182695	noncoding
STRG.5939	36	758	yes	0.30997	8.520935059	1	0.0093494	noncoding
STRG.5940	24	800	yes	0.33617	5.272766113	1	0.00554331	noncoding
STRG.5941	82	442	yes	0.44402	5.002380371	1	0.373678	noncoding
STRG.5958	34	505	yes	0.35733	10.15118408	1	0.0146986	noncoding
STRG.5967	85	1971	yes	0.32101	7.618225098	1	0.0689896	noncoding
STRG.5980	102	1024	yes	0.29757	8.71282959	1	0.101174	noncoding
STRG.5989	5	482	yes	0.37795	6.491027832	-1	0.0164984	noncoding
STRG.6002	65	268	yes	0.37849	11.20196533	1	0.0617604	noncoding
STRG.6008	68	271	yes	0.4296	4.214904785	-1	0.0339647	noncoding
STRG.6012	39	326	yes	0.36028	9.62286377	1	0.0158006	noncoding
STRG.6039	42	725	yes	0.35824	7.998596191	1	0.0120969	noncoding
STRG.6043	59	586	yes	0.34035	6.143127441	1	0.0292095	noncoding
STRG.6044	35	357	yes	0.399	4.39630127	1	0.0252794	noncoding
STRG.6056	36	710	yes	0.31613	6.52130127	1	0.00807488	noncoding
STRG.6096	81	361	yes	0.3101	9.067565918	-1	0.154066	noncoding
STRG.6099	82	399	yes	0.36848	9.437805176	-1	0.119456	noncoding
STRG.6107	129	5804	yes	0.28923	8.655090332	1	0.214084	noncoding
STRG.6111	73	2134	yes	0.28503	8.487854004	1	0.0369195	noncoding
STRG.6128	72	695	yes	0.37025	6.531066895	1	0.0679368	noncoding
STRG.6129	49	1332	yes	0.33815	5.278991699	1	0.0227328	noncoding
STRG.6142	64	272	yes	0.44727	5.608215332	1	0.115345	noncoding
STRG.6156	81	973	yes	0.29776	8.512145996	1	0.0497941	noncoding
STRG.6158	59	341	yes	0.32683	6.361755371	-1	0.0565394	noncoding
STRG.6172	48	3302	yes	0.34294	9.873474121	1	0.0223869	noncoding
STRG.6195	3	354	yes	0.36126	5.274963379	1	8.24E-06	noncoding
STRG.6208	37	2760	yes	0.31218	8.588806152	1	0.00984467	noncoding
STRG.6209	108	6512	yes	0.30411	9.987731934	1	0.123305	noncoding
STRG.6229	10	392	yes	0.33075	10.28900146	1	0.00629952	noncoding
STRG.6230	39	251	yes	0.45603	12.60614014	1	0.0416655	noncoding
STRG.6264	96	886	yes	0.37803	10.17547607	1	0.201185	noncoding
STRG.6325	93	744	yes	0.32154	6.708679199	1	0.116523	noncoding
STRG.6326	38	430	yes	0.39605	6.514831543	1	0.0123829	noncoding
STRG.6331	143	736	yes	0.37692	9.044128418	1	0.705086	coding
STRG.6337	378	4252	yes	0.34418	4.862854004	1	1	coding
STRG.6338	107	933	yes	0.39483	10.50836182	1	0.349365	noncoding
STRG.6361	26	379	yes	0.35469	5.898132324	1	0.00531425	noncoding
STRG.6374	63	362	yes	0.38611	8.59173584	-1	0.0679842	noncoding
STRG.6393	49	404	yes	0.33793	9.18572998	1	0.0192738	noncoding
STRG.6431	11	290	yes	0.43427	5.06060791	-1	0.0110708	noncoding
STRG.6441	78	2522	yes	0.36597	3.574279785	1	0.34021	noncoding
STRG.6451	68	312	yes	0.44609	9.454528809	-1	0.0811553	noncoding
STRG.6452	69	255	yes	0.41347	4.467590332	-1	0.0289073	noncoding
STRG.6470	105	1781	yes	0.37306	6.578430176	1	0.334168	noncoding
STRG.6477	62	363	yes	0.45669	5.548400879	1	0.106316	noncoding
STRG.6481	13	615	yes	0.3761	3.998840332	-1	0.00907777	noncoding
STRG.6485	35	845	yes	0.30344	5.380187988	1	0.0113597	noncoding
STRG.6489	65	331	yes	0.37338	10.69915771	1	0.0599885	noncoding
STRG.6524	101	3454	yes	0.29202	9.640197754	1	0.0921522	noncoding
STRG.6559	47	259	yes	0.37447	7.823547363	1	0.0169975	noncoding
STRG.6571	34	335	yes	0.36565	7.754089355	1	0.00806609	noncoding
STRG.6576	29	725	yes	0.35937	10.63848877	1	0.0137182	noncoding
STRG.6581	285	2267	yes	0.45648	5.978942871	1	0.999996	coding
STRG.6594	25	440	yes	0.3876	9.649475098	1	0.00976288	noncoding
STRG.6596	55	358	yes	0.28236	9.609191895	-1	0.178324	noncoding
STRG.6598	23	475	yes	0.39135	6.495056152	-1	0.0183336	noncoding
STRG.6613	20	842	yes	0.30488	5.362609863	1	0.00522538	noncoding
STRG.6695	83	584	yes	0.384	9.651672363	-1	0.118863	noncoding
STRG.6705	30	898	yes	0.35278	6.496154785	1	0.00598115	noncoding
STRG.6749	31	357	yes	0.4778	5.917785645	1	0.0122093	noncoding
STRG.6771	51	373	yes	0.40212	8.073913574	1	0.0276412	noncoding
STRG.6794	45	1566	yes	0.3143	7.936096191	1	0.0121293	noncoding
STRG.6797	81	1251	yes	0.36028	9.34588623	1	0.088494	noncoding
STRG.6798	24	337	yes	0.35876	5.81854248	1	0.00489787	noncoding
STRG.6799	107	946	yes	0.3406	6.877746582	1	0.238801	noncoding
STRG.6803	98	482	yes	0.36098	10.05548096	1	0.174434	noncoding
STRG.6811	70	836	yes	0.37933	9.805358887	1	0.07252	noncoding
STRG.6819	30	688	yes	0.35411	5.50994873	1	0.0074615	noncoding
STRG.6819	30	433	yes	0.3907	5.50994873	1	0.00950865	noncoding
STRG.6820	65	812	yes	0.29205	8.964904785	1	0.0294007	noncoding
STRG.6821	75	434	yes	0.31978	10.34771729	1	0.053957	noncoding
STRG.6828	71	738	yes	0.38501	9.687194824	1	0.0794709	noncoding
STRG.6837	67	1414	yes	0.3842	5.852111816	1	0.0732434	noncoding
STRG.6851	40	310	yes	0.44846	8.536682129	1	0.0267717	noncoding
STRG.6869	43	404	yes	0.41265	4.857971191	1	0.0364172	noncoding
STRG.6882	96	356	yes	0.32233	11.58062744	-1	0.156526	noncoding
STRG.6884	104	631	yes	0.38704	6.090026855	-1	0.0506935	noncoding
STRG.6899	104	986	yes	0.31276	10.38262939	1	0.118466	noncoding
STRG.6900	0	566	yes	0.27484	0	-1	1.28E-06	noncoding
STRG.6915	23	399	yes	0.37902	9.992492676	1	0.00956856	noncoding
STRG.6920	95	2074	yes	0.28267	6.22857666	1	0.137736	noncoding
STRG.6935	47	478	yes	0.45451	11.04364014	-1	0.133486	noncoding
STRG.6936	20	264	yes	0.373	12.0244751	1	0.0105712	noncoding
STRG.6941	77	2802	yes	0.28467	9.698059082	1	0.0460413	noncoding
STRG.6955	53	253	yes	0.45278	11.21478271	1	0.108965	noncoding
STRG.6965	41	346	yes	0.42693	6.097106934	1	0.0209036	noncoding
STRG.6974	74	1875	yes	0.30868	9.882873535	1	0.0467648	noncoding
STRG.6978	61	848	yes	0.36904	9.74029541	1	0.0441988	noncoding
STRG.6992	54	458	yes	0.37192	9.358825684	1	0.0309759	noncoding
STRG.7006	70	521	yes	0.30651	11.24163818	1	0.0452884	noncoding
STRG.7008	75	614	yes	0.34447	8.816955566	1	0.0558022	noncoding
STRG.7017	58	2515	yes	0.29251	8.990783691	1	0.0234178	noncoding
STRG.7027	47	573	yes	0.38536	11.25091553	1	0.0331694	noncoding
STRG.7031	55	1945	yes	0.31753	9.62298584	1	0.0247819	noncoding
STRG.7071	59	662	yes	0.37344	10.14202881	1	0.0450695	noncoding
STRG.7072	63	298	yes	0.35471	10.45599365	-1	0.159176	noncoding
STRG.7073	81	877	yes	0.44838	10.35748291	1	0.306651	noncoding
STRG.7077	74	1203	yes	0.32615	6.519714355	1	0.0524718	noncoding
STRG.7103	43	627	yes	0.33186	9.922546387	1	0.0180781	noncoding
STRG.7113	250	2141	yes	0.32326	10.26885986	1	0.951802	coding
STRG.7119	32	286	yes	0.44753	8.344421387	1	0.0156496	noncoding
STRG.7126	46	517	yes	0.28207	9.840026855	1	0.0203652	noncoding
STRG.7138	37	1471	yes	0.36973	10.79400635	1	0.0199215	noncoding
STRG.7144	71	1407	yes	0.34663	12.05218506	1	0.0465078	noncoding
STRG.7197	78	596	yes	0.35709	9.375793457	1	0.0758733	noncoding
STRG.7201	38	668	yes	0.32726	12.00006104	1	0.0189674	noncoding
STRG.7202	70	4849	yes	0.31677	10.54864502	1	0.0463094	noncoding
STRG.7203	81	9299	yes	0.2921	7.662414551	1	0.0514183	noncoding
STRG.7259	62	528	yes	0.45529	9.791564941	1	0.139821	noncoding
STRG.7274	13	332	yes	0.34334	9.102233887	1	0.00418288	noncoding
STRG.7276	50	416	yes	0.37943	6.031677246	1	0.0244507	noncoding
STRG.7288	79	462	yes	0.37602	9.813903809	-1	0.127532	noncoding
STRG.7309	60	994	yes	0.3306	10.81268311	1	0.0372319	noncoding
STRG.7319	55	318	yes	0.3469	10.66534424	-1	0.169302	noncoding
STRG.7321	102	3418	yes	0.34448	11.50006104	1	0.132065	noncoding
STRG.7334	43	336	yes	0.47024	9.984313965	1	0.0743477	noncoding
STRG.7353	75	1540	yes	0.35905	8.300109863	1	0.0616738	noncoding
STRG.7355	27	279	yes	0.3521	8.609313965	1	0.00659859	noncoding
STRG.7398	191	15802	yes	0.29772	9.463439941	1	0.663142	coding
STRG.7402	34	585	yes	0.34934	6.503234863	1	0.00735422	noncoding
STRG.7403	67	562	yes	0.42284	5.125305176	1	0.14918	noncoding
STRG.7430	27	444	yes	0.30158	9.360412598	1	0.00891329	noncoding
STRG.7480	72	3711	yes	0.29409	12.00018311	1	0.0426496	noncoding
STRG.7484	401	1212	yes	0.45481	5.243835449	-1	0.937871	coding
STRG.7488	61	326	yes	0.36264	10.19720459	1	0.0448209	noncoding
STRG.7489	26	270	yes	0.42734	6.083557129	1	0.00805985	noncoding
STRG.7502	93	2693	yes	0.27251	7.836853027	1	0.0766856	noncoding
STRG.7527	43	1105	yes	0.34663	7.915588379	1	0.0118633	noncoding
STRG.7538	78	2199	yes	0.32322	9.128112793	1	0.0540916	noncoding
STRG.7544	34	314	yes	0.41019	4.307678223	1	0.0281588	noncoding
STRG.7559	52	698	yes	0.35501	6.216125488	1	0.0214448	noncoding
STRG.7560	46	2253	yes	0.37742	9.652770996	1	0.0241326	noncoding
STRG.7562	48	1863	yes	0.28562	9.510681152	1	0.0194373	noncoding
STRG.7572	77	250	yes	0.33865	9.507995605	-1	0.142748	noncoding
STRG.7576	25	270	yes	0.35621	8.494567871	1	0.00586265	noncoding
STRG.7578	45	468	yes	0.29138	11.8348999	-1	0.154798	noncoding
STRG.7611	174	3607	yes	0.3581	6.504699707	1	0.949224	coding
STRG.7646	3	276	yes	0.37176	5.274963379	1	8.81E-06	noncoding
STRG.7654	32	309	yes	0.38065	9.515319824	-1	0.0860786	noncoding
STRG.7677	184	5172	yes	0.31492	11.36248779	-1	0.114639	noncoding
STRG.7678	122	811	yes	0.37678	10.96539307	-1	0.185929	noncoding
STRG.7679	122	811	yes	0.37678	10.96539307	-1	0.185929	noncoding
STRG.7680	122	811	yes	0.37678	10.96539307	-1	0.185929	noncoding
STRG.7681	122	811	yes	0.37678	10.96539307	-1	0.185929	noncoding
STRG.7682	122	811	yes	0.37678	10.96539307	-1	0.185929	noncoding
STRG.7683	122	811	yes	0.37678	10.96539307	-1	0.185929	noncoding
STRG.7684	14	273	yes	0.36226	7.999816895	1	0.00299661	noncoding
STRG.7694	33	1837	yes	0.30113	9.864929199	1	0.0128993	noncoding
STRG.7695	48	618	yes	0.44085	9.690856934	1	0.0541091	noncoding
STRG.7705	31	342	yes	0.43808	4.316101074	1	0.027858	noncoding
STRG.7718	53	437	yes	0.46003	9.38067627	1	0.0850089	noncoding
STRG.7726	54	272	yes	0.3955	8.654602051	-1	0.0602653	noncoding
STRG.7739	48	433	yes	0.3378	3.93951416	1	0.0434499	noncoding
STRG.7764	30	733	yes	0.39959	10.20220947	1	0.0158668	noncoding
STRG.7782	135	616	yes	0.32384	11.94915771	1	0.185752	noncoding
STRG.7824	68	1141	yes	0.41074	6.820007324	1	0.0791788	noncoding
STRG.7839	93	280	yes	0.45898	6.57232666	-1	0.0470408	noncoding
STRG.7859	43	686	yes	0.36695	8.589904785	1	0.0149849	noncoding
STRG.7860	48	561	yes	0.34715	7.724182129	1	0.0148476	noncoding
STRG.7861	184	775	yes	0.43571	4.868225098	1	0.998427	coding
STRG.7877	99	436	yes	0.35567	9.727966309	-1	0.147174	noncoding
STRG.7881	86	980	yes	0.35166	8.364685059	1	0.0934673	noncoding
STRG.7885	56	639	yes	0.40803	9.890197754	1	0.0544089	noncoding
STRG.7929	53	1434	yes	0.41153	10.81903076	1	0.0559574	noncoding
STRG.7948	18	276	yes	0.41572	5.937072754	1	0.00465299	noncoding
STRG.7957	0	402	yes	0.36082	0	-1	2.37E-06	noncoding
STRG.7960	110	2003	yes	0.34952	9.854309082	1	0.22544	noncoding
STRG.7965	24	373	yes	0.36846	4.78338623	1	0.0075727	noncoding
STRG.7967	50	588	yes	0.32731	8.66229248	1	0.017161	noncoding
STRG.7968	24	343	yes	0.43052	8.496765137	1	0.00873535	noncoding
STRG.7972	176	830	yes	0.32999	9.450500488	-1	0.176803	noncoding
STRG.7980	36	404	yes	0.3771	12.00006104	-1	0.178086	noncoding
STRG.7984	73	318	yes	0.34503	11.52545166	-1	0.178325	noncoding
STRG.7991	64	580	yes	0.42147	10.25494385	1	0.0992915	noncoding
STRG.7994	63	1982	yes	0.30121	9.300476074	1	0.0292766	noncoding
STRG.8005	93	11536	yes	0.28923	9.72869873	1	0.0727233	noncoding
STRG.8012	128	818	yes	0.33199	10.89227295	-1	0.167551	noncoding
STRG.8049	74	424	yes	0.33043	11.53643799	1	0.053569	noncoding
STRG.8061	48	374	yes	0.41411	5.960998535	1	0.0305293	noncoding
STRG.8082	27	267	yes	0.41999	5.280090332	-1	0.0140236	noncoding
STRG.8084	646	2731	yes	0.44623	5.86138916	1	1	coding
STRG.8087	60	1470	yes	0.32213	9.836853027	1	0.0313055	noncoding
STRG.8090	21	466	yes	0.30789	5.38067627	1	0.0052864	noncoding
STRG.8097	64	1997	yes	0.31561	9.300598145	1	0.0317389	noncoding
STRG.8099	89	1089	yes	0.31437	7.952941895	1	0.0752304	noncoding
STRG.8101	71	261	yes	0.39584	10.88775635	-1	0.157122	noncoding
STRG.8103	36	262	yes	0.43009	9.370422363	1	0.0226659	noncoding
STRG.8120	35	400	yes	0.39418	6.366149902	-1	0.0203199	noncoding
STRG.8125	70	1216	yes	0.42948	9.883483887	1	0.138999	noncoding
STRG.8128	108	740	yes	0.40629	6.018127441	1	0.561606	coding
STRG.8129	55	776	yes	0.36699	10.08416748	1	0.0358776	noncoding
STRG.8137	51	497	yes	0.43338	6.555969238	1	0.0370976	noncoding
STRG.8164	168	982	yes	0.46437	5.258850098	1	0.99448	coding
STRG.8169	155	2044	yes	0.29637	6.805358887	1	0.637611	coding
STRG.8171	96	4766	yes	0.33874	7.68963623	1	0.128542	noncoding
STRG.8175	24	291	yes	0.45678	8.36505127	1	0.0107655	noncoding
STRG.8180	112	782	yes	0.3409	9.785095215	1	0.215701	noncoding
STRG.8186	68	863	yes	0.44278	11.25384521	1	0.16965	noncoding
STRG.8188	63	710	yes	0.32736	10.05792236	-1	0.165341	noncoding
STRG.8189	29	263	yes	0.33818	12.47711182	1	0.0126636	noncoding
STRG.8192	30	772	yes	0.36605	7.72076416	1	0.00652701	noncoding
STRG.8213	65	745	yes	0.42743	9.124084473	1	0.0927785	noncoding
STRG.8231	31	834	yes	0.36706	6.007751465	1	0.00733019	noncoding
STRG.8248	34	275	yes	0.42513	10.16595459	1	0.0246221	noncoding
STRG.8263	128	1344	yes	0.27133	9.718078613	1	0.155073	noncoding
STRG.8264	35	274	yes	0.32745	6.514953613	-1	0.0477294	noncoding
STRG.8265	14	275	yes	0.35022	3.998840332	-1	0.0101615	noncoding
STRG.8270	73	290	yes	0.26179	8.577453613	1	0.0402129	noncoding
STRG.8279	120	1150	yes	0.36796	10.34771729	-1	0.171321	noncoding
STRG.8288	38	364	yes	0.29547	10.347229	-1	0.189872	noncoding
STRG.8305	27	305	yes	0.47591	10.04425049	1	0.0363162	noncoding
STRG.8316	172	1447	yes	0.31982	5.83782959	1	0.920996	coding
STRG.8331	30	795	yes	0.41966	7.813171387	1	0.00946308	noncoding
STRG.8332	47	1368	yes	0.32988	9.897766113	1	0.0206532	noncoding
STRG.8340	80	1690	yes	0.29351	9.546447754	-1	0.169865	noncoding
STRG.8353	99	697	yes	0.46807	7.701599121	1	0.514311	coding
STRG.8365	16	434	yes	0.38605	11.09698486	1	0.00964846	noncoding
STRG.8370	112	2501	yes	0.30302	8.620300293	1	0.147809	noncoding
STRG.8383	74	2506	yes	0.29707	10.66473389	1	0.048258	noncoding
STRG.8395	40	1164	yes	0.38387	4.830993652	1	0.0229702	noncoding
STRG.8422	81	1043	yes	0.37595	9.479919434	1	0.107134	noncoding
STRG.8439	96	1867	yes	0.3199	9.918762207	1	0.101792	noncoding
STRG.8441	60	399	yes	0.38534	6.132995605	1	0.0451001	noncoding
STRG.8442	55	352	yes	0.39813	8.020446777	-1	0.0454216	noncoding
STRG.8446	22	294	yes	0.31315	9.493103027	1	0.00748787	noncoding
STRG.8447	129	2554	yes	0.41115	9.762756348	1	0.700779	coding
STRG.8449	73	5727	yes	0.29526	7.838439941	1	0.0373673	noncoding
STRG.8451	56	446	yes	0.41484	10.37054443	1	0.0640591	noncoding
STRG.8452	43	685	yes	0.37946	10.85980225	1	0.0269218	noncoding
STRG.8468	97	781	yes	0.39213	7.060852051	1	0.268413	noncoding
STRG.8516	45	576	yes	0.33234	8.844543457	1	0.0147462	noncoding
STRG.8517	76	3875	yes	0.29615	4.748596191	1	0.126821	noncoding
STRG.8531	64	1793	yes	0.41718	9.73248291	1	0.0865259	noncoding
STRG.8559	68	279	yes	0.4525	9.435119629	1	0.163271	noncoding
STRG.8560	56	1086	yes	0.34135	4.857849121	1	0.0416287	noncoding
STRG.8563	12	469	yes	0.34818	5.837463379	1	1.73E-05	noncoding
STRG.8565	67	1040	yes	0.34576	7.930480957	1	0.0370304	noncoding
STRG.8568	97	1853	yes	0.37315	9.475280762	1	0.195346	noncoding
STRG.8569	42	286	yes	0.42124	9.588684082	1	0.0298416	noncoding
STRG.8584	21	386	yes	0.44398	9.992370605	1	0.0152751	noncoding
STRG.8609	282	3280	yes	0.43695	4.628967285	1	0.999998	coding
STRG.8634	83	728	yes	0.42292	10.30853271	1	0.226716	noncoding
STRG.8649	0	488	yes	0.43742	0	-1	0.0282536	noncoding
STRG.8649	0	738	yes	0.38371	0	-1	1.35E-05	noncoding
STRG.8650	229	1341	yes	0.38963	8.638977051	1	0.996696	coding
STRG.8679	136	1509	yes	0.36201	7.746032715	1	0.613036	coding
STRG.8680	58	311	yes	0.40494	9.680358887	1	0.0553724	noncoding
STRG.8685	109	1110	yes	0.35569	11.36224365	1	0.191717	noncoding
STRG.8696	184	1159	yes	0.34208	9.355651855	1	0.8502	coding
STRG.8697	184	1106	yes	0.33896	9.355651855	1	0.838279	coding
STRG.8729	62	321	yes	0.41313	6.550476074	-1	0.0286417	noncoding
STRG.8749	59	311	yes	0.37131	5.002502441	1	0.0586716	noncoding
STRG.8756	59	1281	yes	0.24332	9.001647949	-1	0.169053	noncoding
STRG.8765	0	271	yes	0.39715	0	-1	0.00388987	noncoding
STRG.8772	9	251	yes	0.33621	5.753234863	-1	0.0231004	noncoding
STRG.8776	87	1731	yes	0.33856	10.79107666	1	0.0914256	noncoding
STRG.8790	64	2145	yes	0.30248	9.185119629	1	0.0297819	noncoding
STRG.8796	154	1489	yes	0.30777	9.444885254	1	0.424344	noncoding
STRG.8810	23	321	yes	0.38047	7.953918457	1	0.00503199	noncoding
STRG.8816	77	943	yes	0.2938	9.290710449	-1	0.167622	noncoding
STRG.8845	50	247	yes	0.45257	4.569641113	1	0.0825517	noncoding
STRG.8847	66	946	yes	0.36373	5.601501465	1	0.0617204	noncoding
STRG.8852	29	1093	yes	0.40081	9.523010254	1	0.012424	noncoding
STRG.8870	21	279	yes	0.38749	5.270568848	-1	0.0130825	noncoding
STRG.8873	61	570	yes	0.37526	10.3895874	1	0.0512394	noncoding
STRG.8884	28	374	yes	0.38794	6.811706543	1	0.00624973	noncoding
STRG.8897	41	224	yes	0.37905	9.382385254	1	0.0180937	noncoding
STRG.8909	41	543	yes	0.36361	9.628479004	-1	0.109872	noncoding
STRG.8918	60	1330	yes	0.32613	5.385681152	1	0.0383171	noncoding
STRG.8938	203	1174	yes	0.3207	11.58270264	1	0.616046	coding
STRG.8941	14	262	yes	0.40916	3.998840332	-1	0.0106431	noncoding
STRG.8942	94	6554	yes	0.30191	9.852478027	1	0.0815221	noncoding
STRG.8943	53	1168	yes	0.36508	10.93133545	1	0.0359055	noncoding
STRG.8947	19	331	yes	0.31992	7.823791504	1	0.00379525	noncoding
STRG.8954	93	2301	yes	0.39207	8.944763184	1	0.207977	noncoding
STRG.8957	33	316	yes	0.34759	12.00054932	-1	0.185584	noncoding
STRG.8967	68	1334	yes	0.33589	10.54864502	-1	0.172726	noncoding
STRG.8974	29	283	yes	0.31303	9.898742676	1	0.0110374	noncoding
STRG.8979	30	426	yes	0.37539	8.158508301	1	0.00742612	noncoding
STRG.8986	66	1166	yes	0.37723	11.637146	1	0.0582841	noncoding
STRG.8993	81	681	yes	0.37514	9.033996582	1	0.101942	noncoding
STRG.9017	125	393	yes	0.4211	10.065979	-1	0.166597	noncoding
STRG.9072	31	521	yes	0.40559	9.300231934	1	0.0132915	noncoding
STRG.9073	85	434	yes	0.42934	9.137512207	1	0.241797	noncoding
STRG.9094	20	251	yes	0.39142	7.976013184	1	0.0045445	noncoding
STRG.9101	100	1078	yes	0.32923	6.069641113	1	0.20589	noncoding
STRG.9102	133	3462	yes	0.29766	9.773498535	1	0.223434	noncoding
STRG.9103	34	536	yes	0.34128	4.867736816	1	0.0116716	noncoding
STRG.9104	128	538	yes	0.38296	8.361633301	1	0.584705	coding
STRG.9109	3	242	yes	0.41936	9.500061035	-1	0.0493661	noncoding
STRG.9120	39	714	yes	0.38902	8.342956543	1	0.0135373	noncoding
STRG.9123	49	3110	yes	0.30958	11.60369873	1	0.0270302	noncoding
STRG.9133	47	268	yes	0.39921	12.09857178	1	0.0310619	noncoding
STRG.9141	12	474	yes	0.31469	12.00006104	1	0.0109495	noncoding
STRG.9145	123	3409	yes	0.34508	9.256652832	1	0.32556	noncoding
STRG.9159	87	4154	yes	0.35395	8.158630371	1	0.100069	noncoding
STRG.9161	112	936	yes	0.36173	11.17169189	1	0.237259	noncoding
STRG.9179	25	270	yes	0.42351	3.799377441	1	0.025381	noncoding
STRG.9235	68	353	yes	0.40845	4.667053223	1	0.178127	noncoding
STRG.9239	142	5798	yes	0.31729	8.992980957	1	0.389263	noncoding
STRG.9306	42	553	yes	0.34473	4.651184082	-1	0.0205071	noncoding
STRG.9320	178	1219	yes	0.36743	10.11431885	1	0.873287	coding
STRG.9327	45	277	yes	0.44307	4.440734863	-1	0.0238744	noncoding
STRG.9338	45	277	yes	0.44307	4.440734863	-1	0.0238744	noncoding
STRG.9350	54	1224	yes	0.31172	9.649597168	1	0.0237403	noncoding
STRG.9357	15	366	yes	0.4611	11.8291626	-1	0.135397	noncoding
STRG.9371	51	727	yes	0.32059	8.518737793	1	0.0170798	noncoding
STRG.9373	80	435	yes	0.41587	9.777526855	1	0.175394	noncoding
STRG.9387	46	544	yes	0.34902	9.360534668	1	0.0187368	noncoding
STRG.9417	56	269	yes	0.44215	9.491760254	1	0.078582	noncoding
STRG.9420	51	511	yes	0.27439	6.504943848	1	0.0225075	noncoding
STRG.9434	38	352	yes	0.3041	11.70025635	1	0.0214269	noncoding
STRG.9509	95	464	yes	0.33496	8.769104004	1	0.112835	noncoding
STRG.9511	17	395	yes	0.4551	5.30267334	1	0.00623419	noncoding
STRG.9525	94	540	yes	0.38566	12.07989502	-1	0.18324	noncoding
STRG.9554	69	1449	yes	0.34917	6.507141113	1	0.047844	noncoding
STRG.9557	179	665	yes	0.33837	10.91571045	1	0.679159	coding
STRG.9570	24	262	yes	0.336	6.491027832	1	0.00423655	noncoding
STRG.9581	684	3689	yes	0.42354	6.785705566	1	1	coding
STRG.9600	26	741	yes	0.35641	6.502380371	1	0.0048466	noncoding
STRG.9606	33	422	yes	0.39895	5.410827637	1	0.0128234	noncoding
STRG.9622	195	3730	yes	0.34639	9.969055176	1	0.88603	coding
STRG.9625	50	838	yes	0.37343	8.476257324	1	0.0216169	noncoding
STRG.9647	40	610	yes	0.37213	7.976135254	1	0.0118295	noncoding
STRG.9661	16	286	yes	0.39726	9.305725098	1	0.00585862	noncoding
STRG.9673	65	368	yes	0.37241	5.461486816	1	0.0675059	noncoding
STRG.9701	120	691	yes	0.40042	9.833679199	1	0.54134	coding
STRG.9708	22	462	yes	0.35741	9.385314941	-1	0.0974528	noncoding
STRG.9718	80	1389	yes	0.32246	8.291320801	1	0.0551432	noncoding
STRG.9720	97	1302	yes	0.33775	6.821960449	1	0.154856	noncoding
STRG.9723	89	1952	yes	0.29634	11.67108154	1	0.0634586	noncoding
STRG.9738	53	2684	yes	0.36824	8.978210449	1	0.0264779	noncoding
STRG.9761	23	325	yes	0.37882	10.00030518	1	0.00958486	noncoding
STRG.9767	76	288	yes	0.49378	4.468200684	1	0.246908	noncoding
STRG.9785	44	681	yes	0.35859	9.619445801	1	0.0193636	noncoding
STRG.9796	51	938	yes	0.39519	11.12213135	1	0.0427551	noncoding
STRG.9803	31	259	yes	0.4252	4.78338623	-1	0.0154389	noncoding
STRG.9806	25	267	yes	0.35234	8.841125488	-1	0.0825228	noncoding
STRG.9807	79	2949	yes	0.2895	9.954650879	-1	0.170821	noncoding
STRG.9811	38	1458	yes	0.31089	9.591125488	1	0.0135798	noncoding
STRG.9811	38	1366	yes	0.34288	9.591125488	1	0.0140282	noncoding
STRG.9811	81	1570	yes	0.33343	5.673522949	1	0.103099	noncoding
STRG.9811	52	1630	yes	0.31841	9.353088379	1	0.0210073	noncoding
STRG.9811	81	1639	yes	0.32386	5.673522949	1	0.0977691	noncoding
STRG.9811	52	1652	yes	0.28415	9.353088379	1	0.0212097	noncoding
STRG.9886	94	3771	yes	0.33019	8.706848145	1	0.103144	noncoding
STRG.9947	117	1315	yes	0.32727	10.42486572	1	0.199166	noncoding
STRG.9953	70	282	yes	0.43958	4.953674316	1	0.212293	noncoding
STRG.9957	122	2676	yes	0.37147	6.070983887	1	0.62113	coding
STRG.9958	86	275	yes	0.40171	10.93499756	-1	0.167228	noncoding
STRG.9965	390	1481	yes	0.44315	5.799255371	1	1	coding
STRG.9974	18	816	yes	0.42963	6.50189209	1	0.00456085	noncoding
STRG.9987	32	601	yes	0.39455	4.25201416	1	0.0218124	noncoding
STRG.9994	31	461	yes	0.37097	9.497497559	1	0.0112535	noncoding
STRG.9996	3	264	yes	0.43908	5.274963379	1	1.79E-05	noncoding
STRG.10017	16	511	yes	0.42648	9.500061035	1	0.00787763	noncoding
STRG.10070	12	366	yes	0.40903	9.992370605	1	0.00672943	noncoding
STRG.10077	2	258	yes	0.40308	5.274963379	1	1.10E-05	noncoding
STRG.10096	49	499	yes	0.43831	11.45697021	1	0.0686219	noncoding
STRG.10114	87	1486	yes	0.33828	9.437683105	1	0.0888433	noncoding
STRG.10115	46	503	yes	0.40213	8.632385254	1	0.0233631	noncoding
STRG.10122	46	503	yes	0.40213	8.632385254	1	0.0233631	noncoding
STRG.10125	46	503	yes	0.40213	8.632385254	1	0.0233631	noncoding
STRG.10128	87	1491	yes	0.31437	9.437683105	1	0.0709739	noncoding
STRG.10131	46	503	yes	0.40213	8.632385254	1	0.0233631	noncoding
STRG.10134	46	503	yes	0.40213	8.632385254	1	0.0233631	noncoding
STRG.10143	12	264	yes	0.40264	5.752990723	-1	0.0118675	noncoding
STRG.10154	81	3256	yes	0.28796	9.413146973	1	0.0504943	noncoding
STRG.10199	132	2688	yes	0.38264	11.13824463	1	0.505099	coding
STRG.10199	129	1337	yes	0.42722	6.497497559	1	0.842085	coding
STRG.10207	62	801	yes	0.42312	4.633850098	1	0.147498	noncoding
STRG.10214	56	1657	yes	0.36682	9.919494629	1	0.0362624	noncoding
STRG.10225	93	283	yes	0.46415	4.418029785	-1	0.0692451	noncoding
STRG.10252	40	581	yes	0.39452	4.333435059	1	0.0346315	noncoding
STRG.10254	52	1141	yes	0.28023	7.586853027	-1	0.141779	noncoding
STRG.10263	116	1052	yes	0.33355	12.00445557	1	0.13422	noncoding
STRG.10334	255	7526	yes	0.26998	7.629943848	-1	0.213205	noncoding
STRG.10335	23	252	yes	0.40818	5.949768066	1	0.00605903	noncoding
STRG.10336	57	757	yes	0.36749	11.64117432	1	0.0394833	noncoding
STRG.10337	76	585	yes	0.36178	9.428283691	1	0.0738611	noncoding
STRG.10347	60	913	yes	0.29791	9.639221191	1	0.0281816	noncoding
STRG.10348	121	2840	yes	0.31481	10.33209229	1	0.191423	noncoding
STRG.10357	82	3056	yes	0.29376	8.304626465	1	0.0509556	noncoding
STRG.10363	41	335	yes	0.32486	6.820617676	1	0.00984701	noncoding
STRG.10377	114	3460	yes	0.34535	9.253845215	1	0.248625	noncoding
STRG.10421	57	626	yes	0.32094	9.186706543	1	0.024581	noncoding
STRG.10435	49	2849	yes	0.31885	6.366027832	1	0.0156684	noncoding
STRG.10456	9	256	yes	0.31415	4.746154785	-1	0.0219506	noncoding
STRG.10464	67	482	yes	0.32465	10.15875244	1	0.0422603	noncoding
STRG.10508	75	1532	yes	0.38467	6.524963379	1	0.0934275	noncoding
STRG.10515	75	1515	yes	0.38873	7.68963623	1	0.0841335	noncoding
STRG.10532	101	758	yes	0.40168	10.40802002	1	0.319514	noncoding
STRG.10560	34	308	yes	0.3877	10.85980225	-1	0.140644	noncoding
STRG.10562	155	1079	yes	0.3367	9.076477051	1	0.615968	coding
STRG.10563	39	777	yes	0.34107	5.30267334	1	0.0129204	noncoding
STRG.10566	57	1418	yes	0.36294	9.301452637	-1	0.104924	noncoding
STRG.10572	13	250	yes	0.37174	5.713684082	-1	0.0147197	noncoding
STRG.10586	44	799	yes	0.44239	5.596496582	1	0.0326645	noncoding
STRG.10587	71	1828	yes	0.3117	9.515319824	1	0.0410602	noncoding
STRG.10599	87	652	yes	0.44139	9.911193848	1	0.332176	noncoding
STRG.10600	39	460	yes	0.38056	8.887145996	1	0.0145184	noncoding
STRG.10617	359	2521	yes	0.44419	6.692199707	1	1	coding
STRG.10624	83	478	yes	0.36385	9.49798584	1	0.101191	noncoding
STRG.10639	81	1623	yes	0.2806	4.803771973	1	0.176748	noncoding
STRG.10646	50	689	yes	0.4075	7.907287598	1	0.0270179	noncoding
STRG.10647	30	536	yes	0.28948	8.608947754	1	0.00842407	noncoding
STRG.10695	137	835	yes	0.3753	6.535461426	1	0.772633	coding
STRG.10705	78	430	yes	0.34159	9.883239746	1	0.0683725	noncoding
STRG.10733	83	642	yes	0.41694	10.15570068	1	0.207004	noncoding
STRG.10743	62	271	yes	0.4635	10.32501221	1	0.181563	noncoding
STRG.10755	16	257	yes	0.42248	8.345397949	-1	0.0289829	noncoding
STRG.10756	68	510	yes	0.44242	9.484069824	1	0.142407	noncoding
STRG.10757	51	1021	yes	0.33029	5.977722168	1	0.0193122	noncoding
STRG.10767	22	345	yes	0.37795	9.782043457	1	0.00848208	noncoding
STRG.10777	17	345	yes	0.44911	5.823059082	1	0.00522779	noncoding
STRG.10834	37	250	yes	0.3666	10.18743896	-1	0.129811	noncoding
STRG.10850	44	251	yes	0.3878	5.981140137	1	0.0187083	noncoding
STRG.10883	137	2022	yes	0.33197	9.907897949	1	0.371738	noncoding
STRG.10890	36	412	yes	0.43128	4.218811035	1	0.04042	noncoding
STRG.10914	42	619	yes	0.35822	8.274719238	1	0.012691	noncoding
STRG.10930	152	4682	yes	0.35599	7.668273926	1	0.765525	coding
STRG.10939	143	518	yes	0.46044	9.299743652	1	0.938525	coding
STRG.10941	88	639	yes	0.37151	9.660949707	1	0.136536	noncoding
STRG.10954	21	421	yes	0.31858	8.345397949	1	0.00474391	noncoding
STRG.10959	71	443	yes	0.44513	4.687194824	1	0.260029	noncoding
STRG.10966	162	1417	yes	0.32164	11.83062744	1	0.319798	noncoding
STRG.10980	60	227	yes	0.40251	11.5635376	-1	0.171639	noncoding
STRG.10992	45	260	yes	0.41366	10.19268799	1	0.0367927	noncoding
STRG.11062	148	2936	yes	0.27517	6.967712402	1	0.490027	noncoding
STRG.11079	68	645	yes	0.37564	9.587463379	1	0.0621376	noncoding
STRG.11080	92	990	yes	0.33151	11.52398682	1	0.0876828	noncoding
STRG.11083	64	541	yes	0.3538	7.837341309	-1	0.0691634	noncoding
STRG.11093	74	263	yes	0.43203	8.88470459	-1	0.0685529	noncoding
STRG.11096	77	644	yes	0.33005	10.76422119	1	0.0625649	noncoding
STRG.11097	89	1429	yes	0.39038	9.789245605	1	0.18091	noncoding
STRG.11116	38	794	yes	0.32224	12.30108643	1	0.0179342	noncoding
STRG.11117	50	873	yes	0.42073	4.494445801	-1	0.0216554	noncoding
STRG.11122	24	667	yes	0.43681	7.821960449	1	0.00764006	noncoding
STRG.11131	38	313	yes	0.35647	9.764099121	1	0.0154899	noncoding
STRG.11132	35	336	yes	0.30829	9.500061035	1	0.0119654	noncoding
STRG.11133	44	256	yes	0.38838	5.149475098	-1	0.0182695	noncoding
STRG.11169	85	877	yes	0.36506	7.684143066	1	0.105161	noncoding
STRG.11176	211	1996	yes	0.31469	9.57623291	1	0.860476	coding
STRG.11177	27	367	yes	0.32889	9.34967041	1	0.00825941	noncoding
STRG.11199	143	582	yes	0.29516	10.73394775	-1	0.131285	noncoding
STRG.11212	57	1101	yes	0.34754	8.683044434	1	0.0257797	noncoding
STRG.11218	36	326	yes	0.4448	9.008239746	-1	0.0460894	noncoding
STRG.11222	58	548	yes	0.33946	12.00360107	1	0.0320765	noncoding
STRG.11240	18	313	yes	0.45362	5.30267334	1	0.00668193	noncoding
STRG.11244	83	283	yes	0.34281	8.392150879	-1	0.104783	noncoding
STRG.11245	59	1042	yes	0.31785	8.488220215	1	0.0233244	noncoding
STRG.11253	115	644	yes	0.33751	11.82818604	-1	0.152936	noncoding
STRG.11257	19	255	yes	0.39945	5.750305176	1	0.00468321	noncoding
STRG.11265	26	362	yes	0.41873	3.422668457	1	0.0353637	noncoding
STRG.11272	14	314	yes	0.42711	5.274963379	1	0.0048443	noncoding
STRG.11273	71	443	yes	0.39139	11.42681885	1	0.0854652	noncoding
STRG.11341	57	832	yes	0.347	11.16253662	1	0.0369276	noncoding
STRG.11355	56	1013	yes	0.32059	9.68951416	1	0.0262901	noncoding
STRG.11408	63	377	yes	0.30354	10.0993042	-1	0.176898	noncoding
STRG.11411	28	347	yes	0.35608	4.540344238	-1	0.0145151	noncoding
STRG.11416	76	533	yes	0.32569	11.30731201	1	0.0570331	noncoding
STRG.11424	59	1152	yes	0.38772	6.483459473	1	0.0398262	noncoding
STRG.11432	98	4401	yes	0.32562	10.25469971	1	0.114654	noncoding
STRG.11433	306	4131	yes	0.34103	9.28338623	1	0.998879	coding
STRG.11434	72	3598	yes	0.27955	12.15447998	1	0.04381	noncoding
STRG.11435	160	8338	yes	0.28283	11.44952393	1	0.215738	noncoding
STRG.11436	186	8459	yes	0.3267	11.56011963	1	0.552172	coding
STRG.11454	85	4832	yes	0.29736	10.39825439	1	0.0631052	noncoding
STRG.11459	16	530	yes	0.36363	5.274719238	1	0.00365959	noncoding
STRG.11480	20	373	yes	0.4636	9.300231934	1	0.0140367	noncoding
STRG.11502	56	959	yes	0.31077	10.07476807	-1	0.175581	noncoding
STRG.11504	21	276	yes	0.4228	9.519958496	1	0.00998024	noncoding
STRG.11532	123	5846	yes	0.30981	9.726989746	1	0.201435	noncoding
STRG.11534	56	975	yes	0.29166	5.004455566	1	0.0441309	noncoding
STRG.11535	46	313	yes	0.46185	11.87835693	1	0.0894339	noncoding
STRG.11552	51	1591	yes	0.38523	9.295959473	1	0.0298393	noncoding
STRG.11557	95	3230	yes	0.29135	8.183410645	1	0.0802404	noncoding
STRG.11567	19	385	yes	0.37139	5.897644043	-1	0.0170616	noncoding
STRG.11569	7	288	yes	0.35246	12.00006104	1	0.0072784	noncoding
STRG.11590	113	6884	yes	0.30725	8.817810059	1	0.156524	noncoding
STRG.11602	195	645	yes	0.42722	4.707214355	-1	0.242226	noncoding
STRG.11607	40	1218	yes	0.33566	10.14630127	1	0.0173441	noncoding
STRG.11640	161	1987	yes	0.42786	6.824035645	1	0.971988	coding
STRG.11644	136	1284	yes	0.41701	5.714416504	1	0.914899	coding
STRG.11651	63	317	yes	0.34884	11.40911865	-1	0.18076	noncoding
STRG.11656	82	1204	yes	0.34099	6.262634277	1	0.0924797	noncoding
STRG.11659	72	554	yes	0.40576	10.45306396	1	0.114803	noncoding
STRG.11690	40	1162	yes	0.31702	12.39801025	-1	0.156417	noncoding
STRG.11706	34	284	yes	0.40673	12.00848389	1	0.0210397	noncoding
STRG.11719	33	340	yes	0.42006	5.272766113	1	0.0162303	noncoding
STRG.11757	79	340	yes	0.36597	12.19830322	-1	0.171825	noncoding
STRG.11783	41	284	yes	0.32323	8.655456543	1	0.0117225	noncoding
STRG.11788	47	1007	yes	0.32407	7.976257324	1	0.0133994	noncoding
STRG.11790	41	374	yes	0.35193	9.696472168	1	0.0168705	noncoding
STRG.11793	80	371	yes	0.35473	9.848937988	-1	0.143541	noncoding
STRG.11798	45	410	yes	0.43832	9.495300293	-1	0.0664298	noncoding
STRG.11814	199	1128	yes	0.38441	6.00177002	1	0.995743	coding
STRG.11841	187	4036	yes	0.44222	8.906066895	1	0.99238	coding
STRG.11865	96	2076	yes	0.30991	10.63873291	1	0.0917079	noncoding
STRG.11881	94	1198	yes	0.31714	7.894226074	1	0.0942113	noncoding
STRG.11882	148	1439	yes	0.31548	6.89239502	1	0.620075	coding
STRG.11883	99	1268	yes	0.36729	8.319641113	1	0.194782	noncoding
STRG.11884	99	1330	yes	0.34051	8.93548584	1	0.139925	noncoding
STRG.11885	100	1343	yes	0.29164	5.472595215	1	0.235634	noncoding
STRG.11887	122	2364	yes	0.26913	8.225280762	1	0.168408	noncoding
STRG.11888	82	1273	yes	0.38083	7.078796387	1	0.115803	noncoding
STRG.11891	100	1264	yes	0.34092	6.017272949	1	0.231657	noncoding
STRG.11892	138	3227	yes	0.27437	6.069641113	1	0.544094	coding
STRG.11902	17	335	yes	0.40801	9.538269043	1	0.00721463	noncoding
STRG.11905	419	2916	yes	0.37011	5.215148926	1	1	coding
STRG.11906	114	2309	yes	0.33478	10.28643799	1	0.204592	noncoding
STRG.11908	29	444	yes	0.39289	9.369567871	1	0.0111501	noncoding
STRG.11910	111	1092	yes	0.29113	6.646789551	-1	0.138368	noncoding
STRG.11911	145	698	yes	0.27934	9.54510498	1	0.247403	noncoding
STRG.11914	72	1106	yes	0.36349	9.619445801	1	0.0652016	noncoding
STRG.11921	18	300	yes	0.32777	12.30108643	1	0.0108613	noncoding
STRG.11950	106	556	yes	0.28869	11.10223389	1	0.0950456	noncoding
STRG.11975	17	308	yes	0.41367	8.044616699	1	0.0044769	noncoding
STRG.11978	27	441	yes	0.30363	10.61212158	1	0.0136158	noncoding
STRG.11979	77	258	yes	0.36039	11.52459717	1	0.0738056	noncoding
STRG.11981	69	2688	yes	0.32489	6.69744873	1	0.039322	noncoding
STRG.12035	19	596	yes	0.36599	9.496765137	1	0.00643212	noncoding
STRG.12037	25	426	yes	0.33852	11.69903564	1	0.0133765	noncoding
STRG.12055	102	341	yes	0.40261	10.39447021	-1	0.157522	noncoding
STRG.12062	147	2160	yes	0.31991	11.41717529	1	0.283779	noncoding
STRG.12077	80	339	yes	0.31492	6.816223145	1	0.0611882	noncoding
STRG.12079	171	2617	yes	0.28519	9.830871582	1	0.410772	noncoding
STRG.12104	52	266	yes	0.35681	6.519104004	1	0.0203752	noncoding
STRG.12105	32	287	yes	0.42835	8.841125488	1	0.0150209	noncoding
STRG.12106	91	446	yes	0.45703	11.64215088	1	0.446037	noncoding
STRG.12110	143	1102	yes	0.4213	10.5010376	1	0.841734	coding
STRG.12119	34	401	yes	0.35274	4.867736816	1	0.0121737	noncoding
STRG.12130	163	710	yes	0.3107	9.071472168	1	0.547089	coding
STRG.12131	182	4273	yes	0.30297	11.52069092	1	0.382249	noncoding
STRG.12132	87	929	yes	0.28483	9.994567871	1	0.0616913	noncoding
STRG.12134	65	621	yes	0.35896	6.249938965	-1	0.0386971	noncoding
STRG.12166	81	399	yes	0.35328	6.711242676	-1	0.0558898	noncoding
STRG.12215	72	660	yes	0.38374	8.85736084	1	0.0735197	noncoding
STRG.12223	161	612	yes	0.29689	8.408752441	1	0.512031	coding
STRG.12246	142	1489	yes	0.36354	9.260192871	1	0.618031	coding
STRG.12250	63	2314	yes	0.37754	6.068054199	1	0.0504847	noncoding
STRG.12261	71	650	yes	0.31455	11.18572998	1	0.0477284	noncoding
STRG.12311	31	314	yes	0.4303	11.71258545	-1	0.151446	noncoding
STRG.12313	150	1189	yes	0.3695	11.3538208	1	0.574093	coding
STRG.12336	61	886	yes	0.39409	12.17974854	1	0.0470942	noncoding
STRG.12352	89	268	yes	0.35419	9.409362793	-1	0.132404	noncoding
STRG.12353	355	1141	yes	0.36844	4.324645996	-1	0.723797	coding
STRG.12372	64	284	yes	0.46086	10.43707275	-1	0.120904	noncoding
STRG.12383	37	289	yes	0.46738	10.909729	1	0.0681087	noncoding
STRG.12385	37	289	yes	0.46738	10.909729	1	0.0681087	noncoding
STRG.12387	37	289	yes	0.46738	10.909729	1	0.0681087	noncoding
STRG.12389	37	289	yes	0.46738	10.909729	1	0.0681087	noncoding
STRG.12391	37	289	yes	0.46738	10.909729	1	0.0681087	noncoding
STRG.12393	37	289	yes	0.46738	10.909729	1	0.0681087	noncoding
STRG.12395	122	2442	yes	0.31942	8.395080566	1	0.249175	noncoding
STRG.12418	203	1576	yes	0.35445	11.06658936	1	0.87737	coding
STRG.12442	42	317	yes	0.35811	7.901306152	1	0.0119182	noncoding
STRG.12454	145	1324	yes	0.3151	9.506652832	1	0.379349	noncoding
STRG.12456	25	377	yes	0.41031	11.00030518	1	0.0162956	noncoding
STRG.12472	25	377	yes	0.41031	11.00030518	1	0.0162956	noncoding
STRG.12478	69	1056	yes	0.38695	5.61529541	1	0.0928611	noncoding
STRG.12500	75	1724	yes	0.32285	8.939025879	1	0.0473037	noncoding
STRG.12510	33	268	yes	0.40889	8.841491699	1	0.0131604	noncoding
STRG.12527	49	257	yes	0.32879	9.579162598	-1	0.14638	noncoding
STRG.12558	125	1423	yes	0.26644	9.203186035	1	0.150092	noncoding
STRG.12564	148	813	yes	0.384	8.955383301	1	0.785366	coding
STRG.12568	39	304	yes	0.33804	11.52288818	1	0.0203174	noncoding
STRG.12573	269	999	yes	0.32853	11.6708374	-1	0.0911226	noncoding
STRG.12574	34	266	yes	0.40129	12.00469971	1	0.0200662	noncoding
STRG.12575	414	1647	yes	0.38185	6.280212402	1	1	coding
STRG.12614	50	365	yes	0.44468	5.041320801	-1	0.0235105	noncoding
STRG.12615	100	308	yes	0.36163	9.016052246	-1	0.11982	noncoding
STRG.12657	30	281	yes	0.41693	8.888122559	-1	0.0463323	noncoding
STRG.12690	97	853	yes	0.28103	7.61151123	1	0.0917938	noncoding
STRG.12691	40	1387	yes	0.29571	4.299621582	1	0.0283187	noncoding
STRG.12693	97	858	yes	0.38796	8.309143066	1	0.230647	noncoding
STRG.12694	40	1387	yes	0.29571	4.299621582	1	0.0283187	noncoding
STRG.12696	236	955	yes	0.41373	5.886047363	1	0.999821	coding
STRG.12718	74	510	yes	0.39459	5.187561035	1	0.162199	noncoding
STRG.12719	63	278	yes	0.40661	9.793151855	-1	0.0999322	noncoding
STRG.12739	36	531	yes	0.3204	5.885803223	1	0.00907383	noncoding
STRG.12745	196	1053	yes	0.31186	12.0302124	1	0.413241	noncoding
STRG.12795	33	299	yes	0.42151	10.91607666	1	0.026108	noncoding
STRG.12805	5	285	yes	0.33669	5.274963379	1	1.06E-05	noncoding
STRG.12818	17	298	yes	0.41235	10.27740479	1	0.00972037	noncoding
STRG.12823	74	713	yes	0.30349	11.48309326	1	0.0485121	noncoding
STRG.12832	299	1855	yes	0.40078	8.84564209	-1	0.397065	noncoding
STRG.12836	0	584	yes	0.36344	0	-1	2.82E-06	noncoding
STRG.12861	81	587	yes	0.39568	8.77911377	1	0.127793	noncoding
STRG.12883	325	4415	yes	0.29264	11.65240479	1	0.89168	coding
STRG.12885	35	340	yes	0.39875	10.34698486	1	0.0205356	noncoding
STRG.12896	37	296	yes	0.24622	12.22332764	1	0.0502094	noncoding
STRG.12896	133	1264	yes	0.36735	10.37127686	1	0.49254	noncoding
STRG.12899	120	1836	yes	0.34959	4.612121582	1	0.71976	coding
STRG.12915	25	516	yes	0.30717	9.152160645	1	0.00753119	noncoding
STRG.12946	301	1936	yes	0.3248	6.643615723	-1	0.352545	noncoding
STRG.12947	13	430	yes	0.35888	10.83441162	1	0.00785564	noncoding
STRG.12987	336	2873	yes	0.28649	8.350891113	1	0.997771	coding
STRG.12991	127	2000	yes	0.27011	7.907531738	1	0.210844	noncoding
STRG.13019	9	303	yes	0.42221	12.00006104	1	0.00886175	noncoding
STRG.13020	24	445	yes	0.34255	5.750793457	1	0.0047941	noncoding
STRG.13034	68	344	yes	0.42937	6.061706543	1	0.112588	noncoding
STRG.13036	68	679	yes	0.45281	8.713562012	1	0.138101	noncoding
STRG.13038	305	2235	yes	0.40638	8.760314941	1	0.999966	coding
STRG.13060	137	537	yes	0.41954	6.33013916	-1	0.0818249	noncoding
STRG.13061	170	799	yes	0.44353	12.70001221	1	0.882284	coding
STRG.13076	149	735	yes	0.32974	10.93145752	1	0.389949	noncoding
STRG.13096	25	337	yes	0.44349	7.999816895	1	0.00896963	noncoding
STRG.13099	97	1462	yes	0.30972	9.271911621	1	0.0942419	noncoding
STRG.13111	69	370	yes	0.33843	9.496520996	1	0.0454106	noncoding
STRG.13150	102	545	yes	0.40744	6.976989746	-1	0.0545803	noncoding
STRG.13163	89	1239	yes	0.37158	7.018371582	1	0.148473	noncoding
STRG.13164	82	282	yes	0.34551	10.74957275	-1	0.173643	noncoding
STRG.13177	88	1185	yes	0.37424	11.23126221	1	0.131548	noncoding
STRG.13181	159	812	yes	0.31823	9.493225098	1	0.522676	coding
STRG.13197	58	345	yes	0.33793	9.183776855	1	0.027779	noncoding
STRG.13203	37	923	yes	0.32844	11.43536377	1	0.0192649	noncoding
STRG.13204	108	369	yes	0.40575	12.20135498	1	0.259561	noncoding
STRG.13205	70	514	yes	0.35542	4.75958252	-1	0.0288473	noncoding
STRG.13207	30	254	yes	0.40026	4.644348145	-1	0.0137073	noncoding
STRG.13223	79	713	yes	0.3297	9.413024902	1	0.0608768	noncoding
STRG.13224	220	1186	yes	0.3669	9.298522949	-1	0.221528	noncoding
STRG.13228	57	834	yes	0.40496	8.51763916	1	0.0419723	noncoding
STRG.13232	89	583	yes	0.34483	11.699646	1	0.0865858	noncoding
STRG.13238	179	2405	yes	0.33181	11.41595459	1	0.563344	coding
STRG.13247	46	339	yes	0.3229	10.03399658	-1	0.167309	noncoding
STRG.13258	101	1167	yes	0.26987	9.60369873	1	0.0830074	noncoding
STRG.13280	55	733	yes	0.37503	7.776428223	1	0.0258791	noncoding
STRG.13284	41	267	yes	0.40758	5.058776855	-1	0.0171804	noncoding
STRG.13304	19	243	yes	0.41126	12.60211182	-1	0.16322	noncoding
STRG.13310	54	792	yes	0.39595	11.00860596	1	0.0488143	noncoding
STRG.13314	83	343	yes	0.39449	11.63018799	1	0.129224	noncoding
STRG.13324	255	1021	yes	0.35578	11.62786865	1	0.961624	coding
STRG.13366	52	257	yes	0.33504	11.18463135	-1	0.183952	noncoding
STRG.13367	52	257	yes	0.33504	11.18463135	-1	0.183952	noncoding
STRG.13368	52	257	yes	0.31194	11.18463135	-1	0.183243	noncoding
STRG.13369	52	257	yes	0.31194	11.18463135	-1	0.183243	noncoding
STRG.13370	52	257	yes	0.31194	11.18463135	-1	0.183243	noncoding
STRG.13371	52	257	yes	0.33504	11.18463135	-1	0.183952	noncoding
STRG.13372	0	429	yes	0.3053	0	-1	4.83E-07	noncoding
STRG.13373	125	411	yes	0.2997	10.06427002	-1	0.15914	noncoding
STRG.13378	51	1098	yes	0.32692	11.82415771	1	0.0273052	noncoding
STRG.13383	99	315	yes	0.30349	6.007385254	-1	0.099411	noncoding
STRG.13386	52	616	yes	0.27566	4.722351074	1	0.0567721	noncoding
STRG.13387	45	279	yes	0.32163	11.61627197	-1	0.183843	noncoding
STRG.13388	234	1155	yes	0.26936	8.582702637	1	0.85852	coding
STRG.13389	27	319	yes	0.35488	6.702697754	-1	0.0313377	noncoding
STRG.13391	122	542	yes	0.3672	8.340026855	-1	0.110967	noncoding
STRG.13393	77	453	yes	0.35099	10.66278076	1	0.0748502	noncoding
STRG.13395	111	807	yes	0.32302	9.689758301	1	0.168159	noncoding
STRG.13398	19	387	yes	0.38304	9.500061035	1	0.00680759	noncoding
STRG.13399	61	1064	yes	0.32617	6.69342041	1	0.0268198	noncoding
STRG.13401	130	1143	yes	0.21392	4.65447998	1	0.942185	coding
STRG.13403	17	256	yes	0.35335	10.00091553	-1	0.127983	noncoding
STRG.13412	9	480	yes	0.25997	3.799377441	1	0.0246734	noncoding
STRG.13414	303	1582	yes	0.39164	11.82769775	-1	0.255463	noncoding
STRG.13415	37	325	yes	0.37005	12.42608643	-1	0.17463	noncoding
STRG.13417	54	372	yes	0.44097	12.00640869	-1	0.177254	noncoding
STRG.13420	54	568	yes	0.36729	11.53900146	1	0.0363274	noncoding
STRG.13455	33	770	yes	0.34158	4.677062988	1	0.0120679	noncoding
STRG.13472	16	637	yes	0.28088	9.519958496	1	0.00796235	noncoding
STRG.13474	40	719	yes	0.31988	7.933166504	1	0.00976639	noncoding
STRG.13485	0	1003	yes	0.28871	0	-1	6.98E-07	noncoding
STRG.13487	445	1577	yes	0.39255	10.58233643	-1	0.5	coding
STRG.13492	165	522	yes	0.42745	6.643737793	-1	0.124077	noncoding
STRG.13493	0	326	yes	0.40086	0	-1	0.00464418	noncoding
STRG.13521	398	1315	yes	0.39396	5.056213379	-1	0.851374	coding
STRG.13522	209	642	yes	0.43879	6.846252441	-1	0.227662	noncoding
STRG.13523	233	1629	yes	0.37117	5.988708496	1	0.999197	coding
STRG.13526	82	266	yes	0.38464	8.229187012	-1	0.0702659	noncoding
STRG.13527	0	343	yes	0.39826	0	-1	0.0041003	noncoding
STRG.13537	200	1138	yes	0.3417	12.02996826	1	0.645044	coding
STRG.13552	70	399	yes	0.38878	9.693664551	1	0.079536	noncoding
STRG.13553	35	525	yes	0.37005	9.500061035	1	0.0134332	noncoding
STRG.13554	17	677	yes	0.35657	11.71258545	1	0.0100457	noncoding
STRG.13555	35	975	yes	0.3388	9.500061035	1	0.0119818	noncoding
STRG.13563	32	561	yes	0.35961	5.747009277	1	0.00799084	noncoding
STRG.13593	48	309	yes	0.43257	5.477355957	-1	0.0207509	noncoding
STRG.13595	12	364	yes	0.38167	5.58770752	1	0.0028321	noncoding
STRG.13597	8	289	yes	0.36009	4.36907959	-1	0.00978744	noncoding
STRG.13647	35	272	yes	0.40927	8.751281738	-1	0.0478388	noncoding
STRG.13649	34	326	yes	0.38698	9.430969238	1	0.0139186	noncoding
STRG.13680	57	379	yes	0.31981	10.40887451	1	0.0310712	noncoding
STRG.13681	53	1218	yes	0.39003	8.933044434	1	0.0317572	noncoding
STRG.13707	42	755	yes	0.3077	7.590881348	1	0.0104612	noncoding
STRG.13723	26	381	yes	0.41319	9.497009277	-1	0.0629584	noncoding
STRG.13730	37	798	yes	0.32377	9.520935059	1	0.0127768	noncoding
STRG.13731	46	474	yes	0.29661	7.998596191	1	0.013145	noncoding
STRG.13732	22	469	yes	0.46166	5.585388184	1	0.00777797	noncoding
STRG.13736	85	2297	yes	0.34376	9.072814941	1	0.0850712	noncoding
STRG.13738	18	254	yes	0.41359	4.529724121	1	0.00867883	noncoding
STRG.13749	62	324	yes	0.38342	11.56890869	1	0.054645	noncoding
STRG.13750	222	688	yes	0.46901	9.029846191	-1	0.354621	noncoding
STRG.13751	95	417	yes	0.36507	7.978088379	1	0.162584	noncoding
STRG.13776	40	614	yes	0.37998	6.68157959	1	0.0120045	noncoding
STRG.13778	28	338	yes	0.46058	10.02838135	1	0.0289501	noncoding
STRG.13786	77	672	yes	0.31066	6.694641113	1	0.0543103	noncoding
STRG.13792	105	1706	yes	0.31837	11.31817627	1	0.113456	noncoding
STRG.13794	54	993	yes	0.35388	6.813537598	1	0.0213031	noncoding
STRG.13820	37	355	yes	0.36309	8.24810791	1	0.0101339	noncoding
STRG.13826	81	1403	yes	0.33908	8.453430176	1	0.066535	noncoding
STRG.13837	94	293	yes	0.32533	10.88238525	-1	0.172145	noncoding
STRG.13846	34	694	yes	0.39841	7.934631348	1	0.0102443	noncoding
STRG.13858	12	429	yes	0.32699	8.044616699	1	0.00285505	noncoding
STRG.13859	40	870	yes	0.36424	9.687683105	-1	0.111346	noncoding
STRG.13885	30	257	yes	0.30126	9.303527832	1	0.00968776	noncoding
STRG.13886	41	279	yes	0.38061	4.722351074	1	0.025118	noncoding
STRG.13888	44	329	yes	0.43455	9.057189941	1	0.0333167	noncoding
STRG.13889	58	3075	yes	0.29691	8.538146973	1	0.0218575	noncoding
STRG.13892	65	2472	yes	0.28683	12.00445557	1	0.0387086	noncoding
STRG.13899	46	658	yes	0.30972	11.22784424	1	0.0249338	noncoding
STRG.13905	55	298	yes	0.40964	10.21563721	-1	0.111331	noncoding
STRG.13917	40	557	yes	0.33369	4.748718262	1	0.0172729	noncoding
STRG.13918	49	421	yes	0.41934	5.304016113	1	0.0444546	noncoding
STRG.13920	6	352	yes	0.34162	10.85992432	-1	0.178876	noncoding
STRG.13949	14	263	yes	0.37156	3.665710449	1	0.00783701	noncoding
STRG.13955	83	534	yes	0.37816	10.00054932	1	0.123842	noncoding
STRG.13966	81	4034	yes	0.31849	9.896057129	1	0.0622996	noncoding
STRG.13973	22	287	yes	0.38925	10.26641846	1	0.0104659	noncoding
STRG.13976	74	1779	yes	0.30613	9.046813965	1	0.0417532	noncoding
STRG.13981	26	451	yes	0.36562	9.77911377	1	0.00967413	noncoding
STRG.13984	64	349	yes	0.37112	8.800598145	1	0.0439272	noncoding
STRG.13988	62	1002	yes	0.36225	9.417175293	1	0.0410486	noncoding
STRG.14001	77	1253	yes	0.29328	8.933288574	1	0.0435793	noncoding
STRG.14010	32	296	yes	0.39915	7.916809082	1	0.00918816	noncoding
STRG.14015	18	344	yes	0.45926	10.06060791	1	0.0168053	noncoding
STRG.14022	53	362	yes	0.32741	12.00018311	1	0.0276441	noncoding
STRG.14031	48	1252	yes	0.33752	9.938537598	-1	0.15105	noncoding
STRG.14033	51	813	yes	0.3593	8.842834473	1	0.0219631	noncoding
STRG.14038	41	405	yes	0.36073	7.922668457	1	0.0115314	noncoding
STRG.14044	47	250	yes	0.39822	9.645812988	-1	0.0877265	noncoding
STRG.14045	163	3636	yes	0.28518	9.692443848	1	0.365242	noncoding
STRG.14062	291	6481	yes	0.3229	8.862121582	1	0.996585	coding
STRG.14063	291	6460	yes	0.3229	8.862121582	1	0.996585	coding
STRG.14064	291	6477	yes	0.3229	8.953796387	1	0.996288	coding
STRG.14087	54	1161	yes	0.33655	10.24371338	1	0.029259	noncoding
STRG.14119	56	1433	yes	0.31099	6.011413574	1	0.0246452	noncoding
STRG.14124	36	322	yes	0.31829	11.55377197	1	0.0191956	noncoding
STRG.14127	40	496	yes	0.4617	4.915222168	-1	0.0219324	noncoding
STRG.14135	82	2565	yes	0.27502	8.24005127	1	0.0505239	noncoding
STRG.14138	46	565	yes	0.41197	5.292297363	1	0.0347237	noncoding
STRG.14142	17	392	yes	0.2561	3.574279785	-1	0.0537044	noncoding
STRG.14147	40	710	yes	0.40704	9.69720459	1	0.0238417	noncoding
STRG.14152	65	1488	yes	0.36045	9.550231934	1	0.0469095	noncoding
STRG.14156	47	511	yes	0.42396	9.435852051	-1	0.0692277	noncoding
STRG.14161	66	692	yes	0.34576	6.362731934	-1	0.0469774	noncoding
STRG.14179	39	707	yes	0.33904	9.901062012	1	0.0157779	noncoding
STRG.14179	39	792	yes	0.36885	9.901062012	1	0.0178382	noncoding
STRG.14187	39	253	yes	0.40942	9.139221191	1	0.0197936	noncoding
STRG.14195	36	261	yes	0.3054	6.68572998	-1	0.073709	noncoding
STRG.14222	92	1303	yes	0.28883	5.756652832	1	0.150423	noncoding
STRG.14223	193	2705	yes	0.32559	11.30682373	1	0.635843	coding
STRG.14226	64	766	yes	0.34762	7.807312012	1	0.0324638	noncoding
STRG.14253	28	470	yes	0.32453	5.752990723	-1	0.0347492	noncoding
STRG.14258	62	472	yes	0.30235	6.807067871	1	0.0269189	noncoding
STRG.14263	36	657	yes	0.36157	10.34588623	1	0.0169866	noncoding
STRG.14265	56	4056	yes	0.29607	5.366882324	1	0.0347857	noncoding
STRG.14266	27	375	yes	0.34918	5.970031738	1	0.00544828	noncoding
STRG.14267	79	467	yes	0.43001	6.054382324	-1	0.0346528	noncoding
STRG.14268	30	785	yes	0.40225	9.77911377	1	0.0143298	noncoding
STRG.14273	81	338	yes	0.35564	10.12286377	1	0.0892765	noncoding
STRG.14280	45	854	yes	0.37476	9.019592285	1	0.0192764	noncoding
STRG.14281	30	368	yes	0.41999	9.77911377	1	0.0169247	noncoding
STRG.14299	124	2748	yes	0.26837	8.994689941	1	0.152455	noncoding
STRG.14309	70	399	yes	0.38194	9.693664551	1	0.073591	noncoding
STRG.14310	35	758	yes	0.33867	9.500061035	1	0.0119787	noncoding
STRG.14311	35	1124	yes	0.28954	9.500061035	1	0.0128745	noncoding
STRG.14312	35	1171	yes	0.34167	9.500061035	1	0.012056	noncoding
STRG.14320	32	561	yes	0.35961	5.747009277	1	0.00799084	noncoding
STRG.14347	428	2824	yes	0.41496	8.180603027	1	1	coding
STRG.14350	39	282	yes	0.43187	5.477600098	-1	0.0177591	noncoding
STRG.14352	12	365	yes	0.36432	5.58770752	1	0.00261258	noncoding
STRG.14354	8	288	yes	0.36009	4.36907959	-1	0.00978744	noncoding
STRG.14392	589	6805	yes	0.43585	9.373352051	1	1	coding
STRG.14394	70	263	yes	0.42781	4.301696777	-1	0.0340088	noncoding
STRG.14405	94	339	yes	0.38207	5.06829834	-1	0.0394607	noncoding
STRG.14430	115	432	yes	0.36883	7.834289551	-1	0.0914647	noncoding
STRG.14432	83	993	yes	0.38308	10.37408447	1	0.132876	noncoding
STRG.14433	33	454	yes	0.30584	9.199157715	1	0.010213	noncoding
STRG.14436	42	286	yes	0.35334	5.573547363	-1	0.0251926	noncoding
STRG.14437	589	7164	yes	0.43027	9.373352051	1	1	coding
STRG.14481	89	1147	yes	0.32526	10.54522705	1	0.0865679	noncoding
STRG.14488	5	270	yes	0.42737	5.753234863	-1	0.0101007	noncoding
STRG.14494	80	252	yes	0.43696	8.767883301	1	0.204256	noncoding
STRG.14495	80	252	yes	0.43696	8.767883301	1	0.204256	noncoding
STRG.14497	589	6804	yes	0.43027	9.373352051	1	1	coding
STRG.14516	51	305	yes	0.28421	6.12713623	1	0.0225345	noncoding
STRG.14520	93	737	yes	0.34195	9.399597168	1	0.115076	noncoding
STRG.14531	52	759	yes	0.45048	8.710388184	1	0.0569883	noncoding
STRG.14532	60	269	yes	0.40728	9.694396973	-1	0.0935179	noncoding
STRG.14540	26	311	yes	0.39714	12.17852783	1	0.0135615	noncoding
STRG.14541	5	270	yes	0.44329	5.753234863	-1	0.0101706	noncoding
STRG.14551	58	741	yes	0.34095	8.394592285	1	0.0247044	noncoding
STRG.14554	17	274	yes	0.36168	8.517028809	1	0.00406463	noncoding
STRG.14577	147	733	yes	0.31089	11.04595947	-1	0.137802	noncoding
STRG.14578	136	579	yes	0.37162	9.339660645	-1	0.150503	noncoding
STRG.14583	111	1911	yes	0.34369	11.07928467	1	0.187182	noncoding
STRG.14586	139	2540	yes	0.29615	11.11956787	1	0.195946	noncoding
STRG.14593	267	1623	yes	0.38474	10.76068115	1	0.997224	coding
STRG.14594	26	311	yes	0.39714	12.17852783	1	0.0135615	noncoding
STRG.14595	26	311	yes	0.39714	12.17852783	1	0.0135615	noncoding
STRG.14596	30	688	yes	0.35411	5.50994873	1	0.0074615	noncoding
STRG.14596	30	433	yes	0.3907	5.50994873	1	0.00950865	noncoding
STRG.14630	119	360	yes	0.30368	10.08673096	-1	0.16264	noncoding
STRG.14631	139	1503	yes	0.37444	12.1630249	1	0.36131	noncoding
STRG.14633	50	329	yes	0.39989	7.999694824	1	0.0253697	noncoding
STRG.14640	55	733	yes	0.40126	7.776428223	1	0.033145	noncoding
STRG.14641	26	258	yes	0.31612	7.846374512	1	0.00526167	noncoding
STRG.14643	55	733	yes	0.38076	7.776428223	1	0.0272308	noncoding
STRG.14648	55	733	yes	0.38076	7.776428223	1	0.0272308	noncoding
STRG.14655	0	223	yes	0.33216	0	-1	6.18E-07	noncoding
STRG.14660	30	329	yes	0.40262	9.101867676	-1	0.0573724	noncoding
STRG.14692	109	347	yes	0.30622	10.95391846	-1	0.153418	noncoding
STRG.14692	237	731	yes	0.23741	10.72894287	-1	0.0240044	noncoding
STRG.14693	589	2539	yes	0.44679	6.734802246	1	1	coding
STRG.14694	604	2106	yes	0.44472	8.035095215	1	1	coding
STRG.14695	215	708	yes	0.44512	5.238220215	-1	0.318327	noncoding
STRG.14699	43	252	yes	0.35827	7.977844238	1	0.0126773	noncoding
STRG.14700	60	458	yes	0.45976	9.99822998	-1	0.0955202	noncoding
STRG.14701	60	458	yes	0.45976	9.99822998	-1	0.0955202	noncoding
STRG.14702	60	458	yes	0.45976	9.99822998	-1	0.0955202	noncoding
STRG.14713	278	857	yes	0.37805	13.36175537	-1	0.0721026	noncoding
STRG.14714	72	354	yes	0.3328	10.71295166	-1	0.176181	noncoding
STRG.14715	72	862	yes	0.35679	11.37200928	-1	0.179227	noncoding
STRG.14724	604	2106	yes	0.44307	8.014709473	1	1	coding
STRG.14725	96	311	yes	0.34389	10.62030029	-1	0.172744	noncoding
STRG.14725	96	311	yes	0.23741	10.49761963	-1	0.0898486	noncoding
STRG.14726	215	708	yes	0.44512	5.238220215	-1	0.318327	noncoding
STRG.14727	604	2112	yes	0.44307	8.203063965	1	1	coding
STRG.14729	66	1288	yes	0.43218	5.138366699	1	0.149336	noncoding
STRG.14730	68	1543	yes	0.38159	7.99822998	-1	0.0581042	noncoding
STRG.14738	132	1550	yes	0.29751	7.584777832	-1	0.157549	noncoding
STRG.14739	60	458	yes	0.45976	9.99822998	-1	0.0955202	noncoding
STRG.14740	60	458	yes	0.45976	9.99822998	-1	0.0955202	noncoding
STRG.14741	60	458	yes	0.45976	9.99822998	-1	0.0955202	noncoding
STRG.14742	32	223	yes	0.39257	4.322937012	-1	0.0135699	noncoding
STRG.14743	132	1550	yes	0.29751	8.023864746	-1	0.161522	noncoding
STRG.14744	75	1309	yes	0.42777	6.893005371	1	0.136793	noncoding
STRG.14745	54	328	yes	0.38621	9.921691895	-1	0.11078	noncoding
STRG.14746	186	1361	yes	0.26027	12.0569458	-1	0.0243613	noncoding
STRG.14747	186	1361	yes	0.26027	12.0569458	-1	0.0243613	noncoding
STRG.14748	186	1361	yes	0.26027	12.0569458	-1	0.0243613	noncoding
STRG.14749	0	450	yes	0.43215	0	-1	0.0219084	noncoding
STRG.14751	0	487	yes	0.31753	0	-1	4.76E-07	noncoding
STRG.14752	0	487	yes	0.31753	0	-1	4.76E-07	noncoding
STRG.14753	78	290	yes	0.3357	9.687194824	-1	0.151131	noncoding
STRG.14754	75	1560	yes	0.40902	6.893005371	1	0.113232	noncoding
STRG.14755	44	459	yes	0.38197	13.38116455	1	0.00899334	noncoding
STRG.14756	37	296	yes	0.39257	12.74407959	1	0.0142154	noncoding
STRG.14761	0	487	yes	0.31753	0	-1	4.76E-07	noncoding
STRG.14762	0	487	yes	0.31753	0	-1	4.76E-07	noncoding
STRG.14763	0	487	yes	0.31753	0	-1	4.76E-07	noncoding
STRG.14767	72	587	yes	0.31003	10.00762939	1	0.0449335	noncoding
STRG.14768	72	587	yes	0.31003	10.00762939	1	0.0449335	noncoding
STRG.14769	72	587	yes	0.31003	10.00762939	1	0.0449335	noncoding
STRG.14770	72	587	yes	0.31003	10.00762939	1	0.0449335	noncoding
STRG.14771	72	564	yes	0.38786	10.00762939	1	0.0888932	noncoding
STRG.14772	72	587	yes	0.31003	10.00762939	1	0.0449335	noncoding
STRG.14774	80	491	yes	0.33468	5.170593262	-1	0.0444182	noncoding
STRG.14775	181	1490	yes	0.35409	11.51373291	1	0.704039	coding
STRG.14779	156	497	yes	0.37647	11.67559814	-1	0.191803	noncoding
STRG.14786	66	345	yes	0.40027	9.415222168	-1	0.0898108	noncoding
STRG.14792	187	913	yes	0.36519	10.95587158	1	0.858155	coding
STRG.14796	132	1550	yes	0.29751	6.79876709	-1	0.148148	noncoding
STRG.14798	59	281	yes	0.29153	11.75982666	1	0.035045	noncoding
STRG.14803	37	406	yes	0.37538	2.96282959	1	0.0591218	noncoding
STRG.14804	183	1105	yes	0.44778	4.582458496	1	0.998805	coding
STRG.14805	132	1550	yes	0.29751	8.312072754	-1	0.163458	noncoding
STRG.14809	53	330	yes	0.45217	3.797790527	-1	0.0371975	noncoding
STRG.14811	99	482	yes	0.38446	5.059875488	1	0.473034	noncoding
STRG.14818	57	798	yes	0.32911	12.72796631	1	0.02197	noncoding
STRG.14819	75	1560	yes	0.40902	6.893005371	1	0.113232	noncoding
STRG.14820	78	290	yes	0.3357	9.687194824	-1	0.151131	noncoding
STRG.14821	132	1550	yes	0.29751	8.023864746	-1	0.161522	noncoding
STRG.14822	183	1105	yes	0.42773	4.582458496	1	0.998561	coding
STRG.14823	26	289	yes	0.35689	13.14678955	1	0.00710451	noncoding
STRG.14824	80	491	yes	0.33468	6.057189941	-1	0.0567642	noncoding
STRG.14825	604	2106	yes	0.44307	7.192077637	1	1	coding
STRG.14831	299	930	yes	0.36302	10.94134521	-1	0.218644	noncoding
STRG.14838	164	495	yes	0.22731	8.31427002	-1	0.129554	noncoding
STRG.14840	67	855	yes	0.35129	5.473083496	1	0.0615559	noncoding
STRG.14851	0	487	yes	0.31753	0	-1	4.76E-07	noncoding
STRG.14852	130	849	yes	0.29702	8.070007324	1	0.264047	noncoding
STRG.14853	130	802	yes	0.29702	8.070007324	1	0.264047	noncoding
STRG.14869	336	2872	yes	0.34077	8.711120605	1	0.999823	coding
STRG.14875	91	931	yes	0.39358	11.90557861	1	0.149821	noncoding
STRG.14882	72	564	yes	0.38968	10.00762939	1	0.0908298	noncoding
STRG.14887	183	1199	yes	0.40876	10.26361084	1	0.964269	coding
STRG.14888	247	1425	yes	0.39823	12.18609619	-1	0.231478	noncoding
STRG.14890	130	788	yes	0.29702	8.070007324	1	0.264047	noncoding
STRG.14891	54	1441	yes	0.31703	5.190979004	1	0.0305009	noncoding
STRG.14892	130	1077	yes	0.26243	8.070007324	1	0.212978	noncoding
STRG.14897	26	311	yes	0.39714	12.17852783	1	0.0135615	noncoding
STRG.14901	85	611	yes	0.40339	12.7411499	1	0.0805811	noncoding
STRG.14902	183	1106	yes	0.3578	4.582458496	1	0.993222	coding
STRG.14912	278	1538	yes	0.34468	8.702453613	-1	0.260637	noncoding
STRG.14913	114	1557	yes	0.28097	11.92095947	1	0.0876341	noncoding
STRG.14915	157	577	yes	0.29027	9.422546387	-1	0.15666	noncoding
STRG.14916	96	783	yes	0.37294	11.89263916	1	0.13409	noncoding
STRG.14928	146	502	yes	0.40417	9.797424316	-1	0.174468	noncoding
STRG.14929	146	909	yes	0.37158	5.108825684	-1	0.0843873	noncoding
STRG.14930	105	675	yes	0.35168	9.149719238	1	0.199306	noncoding
STRG.14931	45	818	yes	0.31676	12.39862061	1	0.0207448	noncoding
STRG.14935	664	2788	yes	0.39781	9.479064941	1	1	coding
STRG.14936	71	743	yes	0.35896	12.17608643	1	0.0476954	noncoding
STRG.14937	125	390	yes	0.385	8.792663574	-1	0.118898	noncoding
STRG.14939	46	1219	yes	0.28498	12.44000244	1	0.0267343	noncoding
STRG.14943	81	523	yes	0.35603	10.88665771	1	0.0891405	noncoding
STRG.14961	95	919	yes	0.28165	7.837341309	1	0.0818675	noncoding
STRG.14962	99	456	yes	0.405	3.991882324	-1	0.0479153	noncoding
STRG.14963	113	890	yes	0.38933	10.08660889	1	0.398067	noncoding
STRG.14964	796	3083	yes	0.40099	7.287536621	1	1	coding
STRG.14965	0	418	yes	0.3202	0	-1	4.88E-07	noncoding
STRG.14971	105	1366	yes	0.27661	11.60650635	1	0.0820954	noncoding
STRG.14976	132	1550	yes	0.29751	7.129821777	-1	0.152413	noncoding
STRG.14984	335	1254	yes	0.36414	12.16741943	1	0.995592	coding
STRG.14991	131	643	yes	0.3428	12.60211182	-1	0.113906	noncoding