ID	length	> 200nt	score	category
>STRG.13	1419	yes	-0.677133	Non-coding
>STRG.26	789	yes	-0.113417	Non-coding
>STRG.28	584	yes	-1.78981	Non-coding
>STRG.40	4689	yes	0.431993	Coding
>STRG.51	378	yes	-2.02808	Non-coding
>STRG.53	2921	yes	0.153405	Coding
>STRG.64	393	yes	-1.79045	Non-coding
>STRG.89	327	yes	-2.54122	Non-coding
>STRG.111	1123	yes	-0.802226	Non-coding
>STRG.117	8394	yes	-0.060736	Non-coding
>STRG.118	1685	yes	-0.140825	Non-coding
>STRG.155	1319	yes	-1.2546	Non-coding
>STRG.157	4877	yes	0.438556	Coding
>STRG.161	433	yes	-1.30693	Non-coding
>STRG.174	842	yes	-1.37554	Non-coding
>STRG.181	2666	yes	1.09695	Coding
>STRG.232	2372	yes	1.18778	Coding
>STRG.244	404	yes	-1.82951	Non-coding
>STRG.253	322	yes	-2.03013	Non-coding
>STRG.254	324	yes	-1.62745	Non-coding
>STRG.300	1571	yes	-0.402072	Non-coding
>STRG.314	378	yes	-1.4459	Non-coding
>STRG.320	465	yes	-0.717261	Non-coding
>STRG.324	303	yes	-2.69968	Non-coding
>STRG.339	839	yes	-0.380728	Non-coding
>STRG.345	6210	yes	0.602974	Coding
>STRG.347	525	yes	-0.650912	Non-coding
>STRG.349	8357	yes	0.852408	Coding
>STRG.358	2196	yes	0.838901	Coding
>STRG.367	3077	yes	-0.576277	Non-coding
>STRG.368	3029	yes	0.528814	Coding
>STRG.373	386	yes	-2.04416	Non-coding
>STRG.375	498	yes	-0.933737	Non-coding
>STRG.385	2281	yes	-0.282754	Non-coding
>STRG.435	295	yes	-1.49935	Non-coding
>STRG.470	2822	yes	-0.103598	Non-coding
>STRG.475	1038	yes	-1.19711	Non-coding
>STRG.497	509	yes	-0.670154	Non-coding
>STRG.551	876	yes	-1.51399	Non-coding
>STRG.577	757	yes	-0.361477	Non-coding
>STRG.587	1241	yes	-0.993607	Non-coding
>STRG.588	491	yes	-2.10183	Non-coding
>STRG.596	2000	yes	0.141941	Coding
>STRG.620	350	yes	-1.79447	Non-coding
>STRG.661	266	yes	-2.07464	Non-coding
>STRG.665	447	yes	-1.3696	Non-coding
>STRG.695	778	yes	-2.29049	Non-coding
>STRG.719	289	yes	-1.97613	Non-coding
>STRG.738	1079	yes	-0.019099	Non-coding
>STRG.747	364	yes	-2.41256	Non-coding
>STRG.775	318	yes	-1.91796	Non-coding
>STRG.776	644	yes	-1.63173	Non-coding
>STRG.777	1091	yes	0.516986	Coding
>STRG.778	354	yes	-2.09627	Non-coding
>STRG.779	548	yes	-2.39944	Non-coding
>STRG.780	303	yes	-2.65705	Non-coding
>STRG.801	1127	yes	-0.365926	Non-coding
>STRG.804	1679	yes	0.200009	Coding
>STRG.806	254	yes	-2.17467	Non-coding
>STRG.816	267	yes	-2.26427	Non-coding
>STRG.825	759	yes	-0.80616	Non-coding
>STRG.851	1101	yes	-0.159015	Non-coding
>STRG.859	495	yes	-1.89786	Non-coding
>STRG.890	1681	yes	-1.15067	Non-coding
>STRG.950	334	yes	-1.47859	Non-coding
>STRG.960	1589	yes	-0.227809	Non-coding
>STRG.989	859	yes	-1.04545	Non-coding
>STRG.990	335	yes	-2.29524	Non-coding
>STRG.992	355	yes	-2.47715	Non-coding
>STRG.996	597	yes	-1.01547	Non-coding
>STRG.1035	250	yes	-2.3466	Non-coding
>STRG.1044	818	yes	-0.799126	Non-coding
>STRG.1055	361	yes	-1.53885	Non-coding
>STRG.1064	435	yes	-1.42409	Non-coding
>STRG.1068	1191	yes	1.11716	Coding
>STRG.1070	426	yes	-2.06834	Non-coding
>STRG.1071	922	yes	-0.688504	Non-coding
>STRG.1074	955	yes	-2.38467	Non-coding
>STRG.1075	367	yes	-1.70786	Non-coding
>STRG.1097	275	yes	-2.07243	Non-coding
>STRG.1098	474	yes	-1.40696	Non-coding
>STRG.1103	433	yes	-1.18479	Non-coding
>STRG.1133	690	yes	-0.292488	Non-coding
>STRG.1134	375	yes	-2.30115	Non-coding
>STRG.1138	1131	yes	-0.563543	Non-coding
>STRG.1157	334	yes	-2.33273	Non-coding
>STRG.1166	212	yes	-2.26906	Non-coding
>STRG.1187	1900	yes	0.971015	Coding
>STRG.1189	470	yes	-1.76797	Non-coding
>STRG.1195	1283	yes	0.72414	Coding
>STRG.1201	270	yes	-2.11805	Non-coding
>STRG.1203	432	yes	-1.27334	Non-coding
>STRG.1204	409	yes	-1.34211	Non-coding
>STRG.1206	295	yes	-1.95896	Non-coding
>STRG.1216	2015	yes	-0.116854	Non-coding
>STRG.1228	1091	yes	-1.02504	Non-coding
>STRG.1231	449	yes	-1.93085	Non-coding
>STRG.1232	973	yes	-0.616113	Non-coding
>STRG.1244	2726	yes	0.342825	Coding
>STRG.1245	1621	yes	-0.260738	Non-coding
>STRG.1253	753	yes	-2.54834	Non-coding
>STRG.1263	462	yes	-1.70429	Non-coding
>STRG.1264	693	yes	-0.82768	Non-coding
>STRG.1273	2410	yes	-0.459918	Non-coding
>STRG.1274	277	yes	-1.92715	Non-coding
>STRG.1301	2421	yes	-0.109907	Non-coding
>STRG.1311	357	yes	-2.36495	Non-coding
>STRG.1316	490	yes	-2.27781	Non-coding
>STRG.1327	251	yes	-2.24472	Non-coding
>STRG.1335	1521	yes	0.589853	Coding
>STRG.1398	1760	yes	-1.47556	Non-coding
>STRG.1399	610	yes	-2.05822	Non-coding
>STRG.1400	362	yes	-2.00063	Non-coding
>STRG.1411	1214	yes	-0.920084	Non-coding
>STRG.1439	281	yes	-1.77478	Non-coding
>STRG.1441	883	yes	-0.412859	Non-coding
>STRG.1470	507	yes	-0.680018	Non-coding
>STRG.1481	290	yes	-1.94157	Non-coding
>STRG.1487	1100	yes	-0.480212	Non-coding
>STRG.1501	377	yes	-2.80585	Non-coding
>STRG.1510	864	yes	-1.74289	Non-coding
>STRG.1512	741	yes	-0.750335	Non-coding
>STRG.1514	306	yes	-1.54789	Non-coding
>STRG.1516	2096	yes	-0.098818	Non-coding
>STRG.1522	265	yes	-1.8685	Non-coding
>STRG.1524	490	yes	-3.00373	Non-coding
>STRG.1525	976	yes	-0.298297	Non-coding
>STRG.1529	447	yes	-2.11328	Non-coding
>STRG.1530	688	yes	-0.275884	Non-coding
>STRG.1537	284	yes	-1.94089	Non-coding
>STRG.1540	675	yes	-1.22868	Non-coding
>STRG.1550	496	yes	-1.64301	Non-coding
>STRG.1560	270	yes	-2.25322	Non-coding
>STRG.1566	410	yes	-1.98889	Non-coding
>STRG.1569	855	yes	-0.387274	Non-coding
>STRG.1575	558	yes	-0.720047	Non-coding
>STRG.1588	1229	yes	-0.380618	Non-coding
>STRG.1589	269	yes	-2.26377	Non-coding
>STRG.1590	251	yes	-2.04388	Non-coding
>STRG.1595	1961	yes	-0.34318	Non-coding
>STRG.1598	1257	yes	-0.716595	Non-coding
>STRG.1603	625	yes	-1.40973	Non-coding
>STRG.1618	3414	yes	0.820775	Coding
>STRG.1651	390	yes	-1.56864	Non-coding
>STRG.1658	3124	yes	0.131139	Coding
>STRG.1663	2209	yes	-0.40873	Non-coding
>STRG.1670	2023	yes	0.529228	Coding
>STRG.1671	706	yes	-0.662365	Non-coding
>STRG.1678	771	yes	-0.996262	Non-coding
>STRG.1722	575	yes	-2.19003	Non-coding
>STRG.1723	575	yes	-2.19003	Non-coding
>STRG.1724	1533	yes	-2.26078	Non-coding
>STRG.1725	575	yes	-2.19003	Non-coding
>STRG.1733	257	yes	-1.8587	Non-coding
>STRG.1734	828	yes	-0.56189	Non-coding
>STRG.1749	459	yes	-0.155907	Non-coding
>STRG.1755	1335	yes	0.055309	Coding
>STRG.1759	781	yes	-1.58971	Non-coding
>STRG.1762	292	yes	-1.36899	Non-coding
>STRG.1776	369	yes	-1.52564	Non-coding
>STRG.1819	1301	yes	-0.122851	Non-coding
>STRG.1831	594	yes	-0.645147	Non-coding
>STRG.1841	4058	yes	0.13747	Coding
>STRG.1858	1557	yes	-0.957546	Non-coding
>STRG.1877	653	yes	-1.55929	Non-coding
>STRG.1886	554	yes	-1.10743	Non-coding
>STRG.1888	814	yes	-0.969483	Non-coding
>STRG.1902	823	yes	-0.407695	Non-coding
>STRG.1908	287	yes	-1.72138	Non-coding
>STRG.1913	8355	yes	0.992679	Coding
>STRG.1930	2218	yes	-2.08312	Non-coding
>STRG.1935	1581	yes	0.158405	Coding
>STRG.1943	395	yes	-2.09611	Non-coding
>STRG.1950	283	yes	-2.12692	Non-coding
>STRG.1962	913	yes	-2.02138	Non-coding
>STRG.1993	560	yes	-1.58528	Non-coding
>STRG.1995	2082	yes	-0.228336	Non-coding
>STRG.2029	379	yes	-1.15765	Non-coding
>STRG.2044	316	yes	-1.45485	Non-coding
>STRG.2053	652	yes	-1.13187	Non-coding
>STRG.2057	1149	yes	-1.25643	Non-coding
>STRG.2059	424	yes	-1.43301	Non-coding
>STRG.2061	1013	yes	-1.47878	Non-coding
>STRG.2063	334	yes	-2.07237	Non-coding
>STRG.2070	868	yes	-1.00249	Non-coding
>STRG.2080	292	yes	-2.12395	Non-coding
>STRG.2081	2735	yes	0.434338	Coding
>STRG.2094	937	yes	-0.967229	Non-coding
>STRG.2101	1125	yes	-0.752413	Non-coding
>STRG.2118	286	yes	-2.87735	Non-coding
>STRG.2119	1608	yes	-0.307529	Non-coding
>STRG.2120	1576	yes	-0.91337	Non-coding
>STRG.2136	346	yes	-1.85311	Non-coding
>STRG.2149	1270	yes	-0.723023	Non-coding
>STRG.2153	1452	yes	-1.26737	Non-coding
>STRG.2158	585	yes	-1.17202	Non-coding
>STRG.2168	1909	yes	0.185463	Coding
>STRG.2169	913	yes	-0.380538	Non-coding
>STRG.2178	269	yes	-2.43686	Non-coding
>STRG.2181	378	yes	-2.68235	Non-coding
>STRG.2183	976	yes	-0.858191	Non-coding
>STRG.2188	423	yes	-1.43721	Non-coding
>STRG.2201	507	yes	-0.91282	Non-coding
>STRG.2208	510	yes	-1.29322	Non-coding
>STRG.2209	906	yes	-1.47904	Non-coding
>STRG.2213	524	yes	-0.834306	Non-coding
>STRG.2215	744	yes	-0.526408	Non-coding
>STRG.2217	305	yes	-2.40275	Non-coding
>STRG.2283	244	yes	-1.92802	Non-coding
>STRG.2296	1060	yes	-0.60975	Non-coding
>STRG.2305	663	yes	-1.54402	Non-coding
>STRG.2317	293	yes	-2.75983	Non-coding
>STRG.2320	578	yes	-0.436963	Non-coding
>STRG.2322	246	yes	-1.8527	Non-coding
>STRG.2323	601	yes	-2.15703	Non-coding
>STRG.2329	406	yes	-2.39142	Non-coding
>STRG.2333	294	yes	-2.29194	Non-coding
>STRG.2339	293	yes	-1.45355	Non-coding
>STRG.2340	671	yes	-1.00032	Non-coding
>STRG.2346	2983	yes	0.414109	Coding
>STRG.2372	395	yes	-1.82829	Non-coding
>STRG.2393	3167	yes	0.786225	Coding
>STRG.2430	1491	yes	0.90143	Coding
>STRG.2433	265	yes	-2.15865	Non-coding
>STRG.2443	1518	yes	0.41307	Coding
>STRG.2446	316	yes	-2.02915	Non-coding
>STRG.2447	1886	yes	-0.111004	Non-coding
>STRG.2454	421	yes	-1.79742	Non-coding
>STRG.2497	310	yes	-1.98068	Non-coding
>STRG.2500	948	yes	-1.13462	Non-coding
>STRG.2519	317	yes	-1.61531	Non-coding
>STRG.2522	650	yes	-2.18469	Non-coding
>STRG.2533	978	yes	0.10473	Coding
>STRG.2541	579	yes	-1.90912	Non-coding
>STRG.2542	310	yes	-2.21357	Non-coding
>STRG.2565	966	yes	-0.899992	Non-coding
>STRG.2567	729	yes	-0.015524	Non-coding
>STRG.2588	1838	yes	-0.247858	Non-coding
>STRG.2594	461	yes	-0.527304	Non-coding
>STRG.2598	326	yes	-2.02437	Non-coding
>STRG.2610	3171	yes	0.454927	Coding
>STRG.2632	379	yes	-1.22693	Non-coding
>STRG.2642	259	yes	-1.95612	Non-coding
>STRG.2645	250	yes	-1.75017	Non-coding
>STRG.2668	306	yes	-1.61746	Non-coding
>STRG.2674	417	yes	-1.3626	Non-coding
>STRG.2693	308	yes	-2.59841	Non-coding
>STRG.2714	381	yes	-1.38283	Non-coding
>STRG.2721	820	yes	-1.31909	Non-coding
>STRG.2726	293	yes	-2.41805	Non-coding
>STRG.2730	477	yes	-0.847022	Non-coding
>STRG.2734	284	yes	-1.8093	Non-coding
>STRG.2764	1211	yes	-1.16287	Non-coding
>STRG.2766	738	yes	-0.070341	Non-coding
>STRG.2772	1006	yes	0.02673	Coding
>STRG.2781	947	yes	-1.39486	Non-coding
>STRG.2789	3150	yes	0.555224	Coding
>STRG.2795	582	yes	-1.85913	Non-coding
>STRG.2796	1101	yes	-2.13852	Non-coding
>STRG.2804	425	yes	-2.14101	Non-coding
>STRG.2808	2436	yes	-0.787139	Non-coding
>STRG.2812	290	yes	-2.16429	Non-coding
>STRG.2820	1260	yes	1.19699	Coding
>STRG.2832	4034	yes	1.35258	Coding
>STRG.2854	697	yes	-1.15695	Non-coding
>STRG.2861	275	yes	-2.16177	Non-coding
>STRG.2868	613	yes	0.005241	Coding
>STRG.2871	2016	yes	0.831859	Coding
>STRG.2886	2453	yes	-1.10327	Non-coding
>STRG.2893	648	yes	-1.07765	Non-coding
>STRG.2911	700	yes	-0.242285	Non-coding
>STRG.2926	469	yes	-0.890105	Non-coding
>STRG.2927	2052	yes	1.74864	Coding
>STRG.2947	2279	yes	1.5225	Coding
>STRG.2957	640	yes	-1.44027	Non-coding
>STRG.2958	783	yes	-1.75349	Non-coding
>STRG.2960	432	yes	-2.2685	Non-coding
>STRG.2965	422	yes	-1.19057	Non-coding
>STRG.2966	563	yes	-1.54548	Non-coding
>STRG.2974	1186	yes	0.018766	Coding
>STRG.2976	308	yes	-1.43091	Non-coding
>STRG.2977	574	yes	-2.40437	Non-coding
>STRG.2981	3845	yes	0.859081	Coding
>STRG.2994	436	yes	-1.98195	Non-coding
>STRG.3002	1570	yes	0.871752	Coding
>STRG.3003	876	yes	-0.047876	Non-coding
>STRG.3008	668	yes	-0.516654	Non-coding
>STRG.3018	865	yes	-1.00255	Non-coding
>STRG.3031	324	yes	-1.76936	Non-coding
>STRG.3039	395	yes	-1.39563	Non-coding
>STRG.3064	686	yes	-1.20104	Non-coding
>STRG.3071	467	yes	-2.43136	Non-coding
>STRG.3074	2395	yes	0.082827	Coding
>STRG.3095	527	yes	-1.1748	Non-coding
>STRG.3104	996	yes	0.001019	Coding
>STRG.3105	1628	yes	-0.062851	Non-coding
>STRG.3109	520	yes	-1.8134	Non-coding
>STRG.3123	1573	yes	-1.57832	Non-coding
>STRG.3135	2109	yes	0.49457	Coding
>STRG.3136	647	yes	-0.783846	Non-coding
>STRG.3137	1657	yes	0.254159	Coding
>STRG.3138	1329	yes	-0.008913	Non-coding
>STRG.3140	2527	yes	0.387811	Coding
>STRG.3141	960	yes	0.098093	Coding
>STRG.3157	309	yes	-1.73348	Non-coding
>STRG.3160	395	yes	-1.4917	Non-coding
>STRG.3169	3214	yes	0.509824	Coding
>STRG.3196	262	yes	-1.76125	Non-coding
>STRG.3201	318	yes	-2.08629	Non-coding
>STRG.3206	270	yes	-1.78477	Non-coding
>STRG.3209	1586	yes	-0.441436	Non-coding
>STRG.3243	383	yes	-2.27381	Non-coding
>STRG.3248	295	yes	-2.14022	Non-coding
>STRG.3250	662	yes	-1.97043	Non-coding
>STRG.3251	250	yes	-2.51577	Non-coding
>STRG.3261	326	yes	-2.24694	Non-coding
>STRG.3262	342	yes	-1.69786	Non-coding
>STRG.3263	864	yes	-0.901491	Non-coding
>STRG.3273	344	yes	-1.61415	Non-coding
>STRG.3277	1192	yes	0.302271	Coding
>STRG.3281	1139	yes	-0.292414	Non-coding
>STRG.3293	3319	yes	0.432048	Coding
>STRG.3297	1311	yes	-0.146172	Non-coding
>STRG.3314	321	yes	-1.94934	Non-coding
>STRG.3315	2467	yes	-0.162825	Non-coding
>STRG.3336	1807	yes	-0.268856	Non-coding
>STRG.3342	292	yes	-1.70723	Non-coding
>STRG.3355	2485	yes	1.85851	Coding
>STRG.3365	283	yes	-2.24051	Non-coding
>STRG.3370	15382	yes	0.260434	Coding
>STRG.3386	593	yes	-0.776279	Non-coding
>STRG.3388	273	yes	-1.90481	Non-coding
>STRG.3400	800	yes	-0.540428	Non-coding
>STRG.3408	2859	yes	1.68286	Coding
>STRG.3434	2244	yes	-0.561853	Non-coding
>STRG.3465	3520	yes	-1.18074	Non-coding
>STRG.3470	288	yes	-2.1727	Non-coding
>STRG.3478	5127	yes	0.204335	Coding
>STRG.3486	490	yes	-2.10007	Non-coding
>STRG.3493	2410	yes	-0.14219	Non-coding
>STRG.3498	518	yes	-1.63201	Non-coding
>STRG.3500	301	yes	-1.69051	Non-coding
>STRG.3501	1613	yes	0.033873	Coding
>STRG.3508	524	yes	-0.951059	Non-coding
>STRG.3513	467	yes	-0.904393	Non-coding
>STRG.3541	742	yes	-0.768212	Non-coding
>STRG.3543	1219	yes	-0.991772	Non-coding
>STRG.3551	757	yes	-0.507331	Non-coding
>STRG.3583	790	yes	-1.38187	Non-coding
>STRG.3611	357	yes	-1.92369	Non-coding
>STRG.3613	2210	yes	0.975038	Coding
>STRG.3614	1372	yes	0.770613	Coding
>STRG.3619	1657	yes	0.340315	Coding
>STRG.3633	2004	yes	1.45704	Coding
>STRG.3644	311	yes	-1.70816	Non-coding
>STRG.3683	2505	yes	-0.248823	Non-coding
>STRG.3685	2042	yes	-0.411046	Non-coding
>STRG.3688	1238	yes	-1.10545	Non-coding
>STRG.3694	264	yes	-1.95868	Non-coding
>STRG.3699	368	yes	-1.89904	Non-coding
>STRG.3705	593	yes	-2.22238	Non-coding
>STRG.3721	437	yes	-0.357833	Non-coding
>STRG.3740	609	yes	-1.72008	Non-coding
>STRG.3766	2511	yes	-0.124235	Non-coding
>STRG.3770	3405	yes	-0.089736	Non-coding
>STRG.3771	361	yes	-2.49238	Non-coding
>STRG.3817	562	yes	-0.947832	Non-coding
>STRG.3820	703	yes	-1.36923	Non-coding
>STRG.3889	369	yes	-1.74873	Non-coding
>STRG.3911	338	yes	-2.01479	Non-coding
>STRG.3912	3646	yes	-0.125685	Non-coding
>STRG.3913	743	yes	-1.29926	Non-coding
>STRG.3915	389	yes	-2.07102	Non-coding
>STRG.3916	261	yes	-2.07963	Non-coding
>STRG.3929	2392	yes	1.30053	Coding
>STRG.3930	1083	yes	-1.00728	Non-coding
>STRG.3956	2277	yes	-1.22101	Non-coding
>STRG.3974	867	yes	-0.817811	Non-coding
>STRG.3978	292	yes	-2.32862	Non-coding
>STRG.3980	838	yes	-0.475944	Non-coding
>STRG.3988	1113	yes	-0.919456	Non-coding
>STRG.3990	781	yes	-1.55665	Non-coding
>STRG.3999	375	yes	-1.92926	Non-coding
>STRG.4027	766	yes	-1.51892	Non-coding
>STRG.4081	261	yes	-1.95678	Non-coding
>STRG.4099	521	yes	-0.299774	Non-coding
>STRG.4101	521	yes	-0.299774	Non-coding
>STRG.4104	521	yes	-0.339392	Non-coding
>STRG.4124	546	yes	-2.11031	Non-coding
>STRG.4136	620	yes	-0.64645	Non-coding
>STRG.4143	1459	yes	1.08597	Coding
>STRG.4144	1459	yes	1.08597	Coding
>STRG.4145	1459	yes	1.08597	Coding
>STRG.4146	1459	yes	1.08597	Coding
>STRG.4147	1459	yes	1.08597	Coding
>STRG.4148	1459	yes	1.08597	Coding
>STRG.4152	582	yes	-1.66443	Non-coding
>STRG.4203	3477	yes	-0.23743	Non-coding
>STRG.4204	501	yes	-2.42518	Non-coding
>STRG.4206	1191	yes	1.53343	Coding
>STRG.4217	1070	yes	-1.29245	Non-coding
>STRG.4233	702	yes	-1.96745	Non-coding
>STRG.4242	2649	yes	-0.428107	Non-coding
>STRG.4253	858	yes	-0.797965	Non-coding
>STRG.4256	1749	yes	1.83403	Coding
>STRG.4260	908	yes	-1.73859	Non-coding
>STRG.4261	861	yes	-1.49092	Non-coding
>STRG.4266	290	yes	-2.02041	Non-coding
>STRG.4281	257	yes	-1.91837	Non-coding
>STRG.4285	495	yes	-1.4734	Non-coding
>STRG.4288	1376	yes	-0.51081	Non-coding
>STRG.4290	874	yes	-2.19864	Non-coding
>STRG.4308	1652	yes	-0.490933	Non-coding
>STRG.4321	950	yes	-0.391477	Non-coding
>STRG.4322	2445	yes	-0.139913	Non-coding
>STRG.4323	360	yes	-1.38869	Non-coding
>STRG.4379	292	yes	-2.03476	Non-coding
>STRG.4392	911	yes	-2.18213	Non-coding
>STRG.4446	479	yes	-1.23745	Non-coding
>STRG.4475	920	yes	0.146504	Coding
>STRG.4477	1582	yes	-0.244231	Non-coding
>STRG.4509	1793	yes	0.305029	Coding
>STRG.4545	473	yes	-0.918737	Non-coding
>STRG.4548	443	yes	-1.16806	Non-coding
>STRG.4558	308	yes	-1.93877	Non-coding
>STRG.4559	402	yes	-1.73423	Non-coding
>STRG.4563	3719	yes	-0.161285	Non-coding
>STRG.4594	675	yes	-2.20699	Non-coding
>STRG.4604	420	yes	-1.56346	Non-coding
>STRG.4620	680	yes	-0.773081	Non-coding
>STRG.4628	252	yes	-2.21878	Non-coding
>STRG.4658	1525	yes	-1.04393	Non-coding
>STRG.4659	946	yes	-2.02781	Non-coding
>STRG.4663	2323	yes	-0.675656	Non-coding
>STRG.4682	4331	yes	0.939738	Coding
>STRG.4696	321	yes	-1.67767	Non-coding
>STRG.4702	299	yes	-2.31221	Non-coding
>STRG.4705	331	yes	-1.90258	Non-coding
>STRG.4723	265	yes	-2.22234	Non-coding
>STRG.4724	1241	yes	-1.18244	Non-coding
>STRG.4732	252	yes	-2.36124	Non-coding
>STRG.4734	1252	yes	1.09403	Coding
>STRG.4777	3979	yes	0.533262	Coding
>STRG.4780	592	yes	-1.0967	Non-coding
>STRG.4794	288	yes	-2.06213	Non-coding
>STRG.4801	291	yes	-2.20559	Non-coding
>STRG.4810	297	yes	-2.00938	Non-coding
>STRG.4818	472	yes	-1.61662	Non-coding
>STRG.4829	325	yes	-2.19011	Non-coding
>STRG.4842	372	yes	-0.804006	Non-coding
>STRG.4853	1809	yes	-0.035873	Non-coding
>STRG.4861	1527	yes	0.427828	Coding
>STRG.4867	1072	yes	-0.471094	Non-coding
>STRG.4868	2110	yes	-0.905687	Non-coding
>STRG.4877	1663	yes	0.370109	Coding
>STRG.4878	288	yes	-2.01827	Non-coding
>STRG.4883	2626	yes	-0.131227	Non-coding
>STRG.4884	1608	yes	-1.88155	Non-coding
>STRG.4891	1608	yes	-1.89405	Non-coding
>STRG.4895	1647	yes	1.05288	Coding
>STRG.4896	475	yes	-1.69036	Non-coding
>STRG.4911	770	yes	-2.22392	Non-coding
>STRG.4912	770	yes	-2.22125	Non-coding
>STRG.4936	278	yes	-2.13223	Non-coding
>STRG.4937	264	yes	-2.0208	Non-coding
>STRG.4938	264	yes	-2.0208	Non-coding
>STRG.4947	371	yes	-0.100689	Non-coding
>STRG.4951	661	yes	-0.937562	Non-coding
>STRG.4955	814	yes	-1.0362	Non-coding
>STRG.4957	634	yes	-2.24322	Non-coding
>STRG.4965	291	yes	-2.1209	Non-coding
>STRG.4974	869	yes	-1.36123	Non-coding
>STRG.4976	309	yes	-2.235	Non-coding
>STRG.4979	508	yes	-1.23814	Non-coding
>STRG.4992	577	yes	-1.05782	Non-coding
>STRG.4994	270	yes	-2.18015	Non-coding
>STRG.5033	284	yes	-2.44823	Non-coding
>STRG.5034	1038	yes	-1.44844	Non-coding
>STRG.5061	318	yes	-1.65446	Non-coding
>STRG.5083	253	yes	-2.10483	Non-coding
>STRG.5146	262	yes	-2.24224	Non-coding
>STRG.5165	648	yes	-1.25726	Non-coding
>STRG.5170	493	yes	-1.06022	Non-coding
>STRG.5201	2477	yes	-0.021735	Non-coding
>STRG.5207	438	yes	-1.42032	Non-coding
>STRG.5208	275	yes	-1.9851	Non-coding
>STRG.5235	419	yes	-1.32777	Non-coding
>STRG.5236	1272	yes	-0.450676	Non-coding
>STRG.5237	369	yes	-1.84546	Non-coding
>STRG.5255	1149	yes	-1.17758	Non-coding
>STRG.5269	702	yes	-1.12813	Non-coding
>STRG.5308	396	yes	-1.83057	Non-coding
>STRG.5314	1507	yes	-0.569763	Non-coding
>STRG.5316	2432	yes	1.12857	Coding
>STRG.5336	4978	yes	0.66992	Coding
>STRG.5399	694	yes	-0.726386	Non-coding
>STRG.5411	740	yes	-0.566529	Non-coding
>STRG.5412	1484	yes	-1.52883	Non-coding
>STRG.5432	826	yes	0.088849	Coding
>STRG.5437	3854	yes	-0.27473	Non-coding
>STRG.5443	814	yes	-0.707337	Non-coding
>STRG.5448	793	yes	-0.452197	Non-coding
>STRG.5453	1091	yes	-0.724195	Non-coding
>STRG.5454	872	yes	-0.276269	Non-coding
>STRG.5483	480	yes	-1.74526	Non-coding
>STRG.5486	823	yes	-1.4262	Non-coding
>STRG.5523	239	yes	-2.35606	Non-coding
>STRG.5554	999	yes	-1.72555	Non-coding
>STRG.5587	2317	yes	-1.35179	Non-coding
>STRG.5607	2432	yes	1.26724	Coding
>STRG.5636	410	yes	-1.77109	Non-coding
>STRG.5651	257	yes	-1.90585	Non-coding
>STRG.5656	1709	yes	1.21694	Coding
>STRG.5659	851	yes	-0.359857	Non-coding
>STRG.5671	2943	yes	-0.117176	Non-coding
>STRG.5709	256	yes	-2.02668	Non-coding
>STRG.5710	2576	yes	-1.30393	Non-coding
>STRG.5751	2943	yes	-1.35428	Non-coding
>STRG.5757	349	yes	-1.84657	Non-coding
>STRG.5763	258	yes	-2.32639	Non-coding
>STRG.5765	287	yes	-1.78663	Non-coding
>STRG.5772	977	yes	-1.68157	Non-coding
>STRG.5795	1884	yes	1.17703	Coding
>STRG.5799	262	yes	-1.88454	Non-coding
>STRG.5802	255	yes	-2.18625	Non-coding
>STRG.5822	1295	yes	-0.750482	Non-coding
>STRG.5828	765	yes	-2.6056	Non-coding
>STRG.5835	283	yes	-2.09092	Non-coding
>STRG.5860	1200	yes	-1.73456	Non-coding
>STRG.5865	5254	yes	0.814706	Coding
>STRG.5899	260	yes	-1.89966	Non-coding
>STRG.5900	254	yes	-2.12675	Non-coding
>STRG.5913	2181	yes	0.226798	Coding
>STRG.5923	362	yes	-1.29506	Non-coding
>STRG.5937	823	yes	-0.677606	Non-coding
>STRG.5938	256	yes	-1.99898	Non-coding
>STRG.5939	758	yes	-0.534943	Non-coding
>STRG.5940	800	yes	-0.799112	Non-coding
>STRG.5941	442	yes	-1.65369	Non-coding
>STRG.5958	505	yes	-2.10417	Non-coding
>STRG.5967	1971	yes	0.780765	Coding
>STRG.5980	1024	yes	-0.356692	Non-coding
>STRG.5989	482	yes	-1.51952	Non-coding
>STRG.6002	268	yes	-2.14933	Non-coding
>STRG.6008	271	yes	-2.05241	Non-coding
>STRG.6012	326	yes	-1.97947	Non-coding
>STRG.6039	725	yes	-1.15075	Non-coding
>STRG.6043	586	yes	-1.81891	Non-coding
>STRG.6044	357	yes	-1.9755	Non-coding
>STRG.6056	710	yes	-0.477498	Non-coding
>STRG.6096	361	yes	-1.72039	Non-coding
>STRG.6099	399	yes	-1.87183	Non-coding
>STRG.6107	5804	yes	0.805553	Coding
>STRG.6111	2134	yes	-0.312402	Non-coding
>STRG.6128	695	yes	-0.905995	Non-coding
>STRG.6129	1332	yes	-1.22336	Non-coding
>STRG.6142	272	yes	-2.20813	Non-coding
>STRG.6156	973	yes	-0.593425	Non-coding
>STRG.6158	341	yes	-1.83797	Non-coding
>STRG.6172	3302	yes	0.631371	Coding
>STRG.6195	354	yes	-2.32946	Non-coding
>STRG.6208	2760	yes	0.433492	Coding
>STRG.6209	6512	yes	1.2457	Coding
>STRG.6229	392	yes	-1.21785	Non-coding
>STRG.6230	251	yes	-2.02861	Non-coding
>STRG.6264	886	yes	-0.467892	Non-coding
>STRG.6325	744	yes	-1.45914	Non-coding
>STRG.6326	430	yes	-1.22635	Non-coding
>STRG.6331	736	yes	0.181676	Coding
>STRG.6337	4252	yes	0.469774	Coding
>STRG.6338	933	yes	0.976897	Coding
>STRG.6361	379	yes	-2.02218	Non-coding
>STRG.6374	362	yes	-1.84437	Non-coding
>STRG.6393	404	yes	-2.81889	Non-coding
>STRG.6431	290	yes	-1.60527	Non-coding
>STRG.6441	2522	yes	0.479069	Coding
>STRG.6451	312	yes	-1.73628	Non-coding
>STRG.6452	255	yes	-1.89395	Non-coding
>STRG.6470	1781	yes	-0.217867	Non-coding
>STRG.6477	363	yes	-1.62978	Non-coding
>STRG.6481	615	yes	-1.30444	Non-coding
>STRG.6485	845	yes	-2.14698	Non-coding
>STRG.6489	331	yes	-1.84291	Non-coding
>STRG.6524	3454	yes	0.540002	Coding
>STRG.6559	259	yes	-2.28554	Non-coding
>STRG.6571	335	yes	-2.13926	Non-coding
>STRG.6576	725	yes	-2.05472	Non-coding
>STRG.6581	2267	yes	0.738076	Coding
>STRG.6594	440	yes	-1.86257	Non-coding
>STRG.6596	358	yes	-1.75056	Non-coding
>STRG.6598	475	yes	-2.03941	Non-coding
>STRG.6613	842	yes	-0.059293	Non-coding
>STRG.6695	584	yes	-2.03087	Non-coding
>STRG.6705	898	yes	-1.35081	Non-coding
>STRG.6749	357	yes	-2.27982	Non-coding
>STRG.6771	373	yes	-0.700042	Non-coding
>STRG.6794	1566	yes	-0.392114	Non-coding
>STRG.6797	1251	yes	1.17705	Coding
>STRG.6798	337	yes	-1.31054	Non-coding
>STRG.6799	946	yes	-0.931339	Non-coding
>STRG.6803	482	yes	-1.41475	Non-coding
>STRG.6811	836	yes	-0.700589	Non-coding
>STRG.6819	688	yes	-1.33645	Non-coding
>STRG.6819	433	yes	-1.70974	Non-coding
>STRG.6820	812	yes	-1.59974	Non-coding
>STRG.6821	434	yes	-1.78939	Non-coding
>STRG.6828	738	yes	-1.8394	Non-coding
>STRG.6837	1414	yes	-0.193006	Non-coding
>STRG.6851	310	yes	-2.14784	Non-coding
>STRG.6869	404	yes	-2.03231	Non-coding
>STRG.6882	356	yes	-1.31422	Non-coding
>STRG.6884	631	yes	-0.585104	Non-coding
>STRG.6899	986	yes	0.112886	Coding
>STRG.6900	566	yes	-1.44908	Non-coding
>STRG.6915	399	yes	-1.92726	Non-coding
>STRG.6920	2074	yes	-0.309843	Non-coding
>STRG.6935	478	yes	-2.12008	Non-coding
>STRG.6936	264	yes	-2.59561	Non-coding
>STRG.6941	2802	yes	0.391082	Coding
>STRG.6955	253	yes	-1.99334	Non-coding
>STRG.6965	346	yes	-1.45716	Non-coding
>STRG.6974	1875	yes	-0.434791	Non-coding
>STRG.6978	848	yes	-1.31372	Non-coding
>STRG.6992	458	yes	-2.32109	Non-coding
>STRG.7006	521	yes	-1.99506	Non-coding
>STRG.7008	614	yes	-1.70598	Non-coding
>STRG.7017	2515	yes	1.00227	Coding
>STRG.7027	573	yes	-1.00783	Non-coding
>STRG.7031	1945	yes	0.605207	Coding
>STRG.7071	662	yes	-0.623743	Non-coding
>STRG.7072	298	yes	-2.33108	Non-coding
>STRG.7073	877	yes	-0.060197	Non-coding
>STRG.7077	1203	yes	-1.28129	Non-coding
>STRG.7103	627	yes	-1.22501	Non-coding
>STRG.7113	2141	yes	-0.400347	Non-coding
>STRG.7119	286	yes	-2.53427	Non-coding
>STRG.7126	517	yes	-2.02914	Non-coding
>STRG.7138	1471	yes	-1.76886	Non-coding
>STRG.7144	1407	yes	0.497803	Coding
>STRG.7197	596	yes	-1.15242	Non-coding
>STRG.7201	668	yes	-1.4313	Non-coding
>STRG.7202	4849	yes	0.868059	Coding
>STRG.7203	9299	yes	0.460525	Coding
>STRG.7259	528	yes	-0.951814	Non-coding
>STRG.7274	332	yes	-2.37877	Non-coding
>STRG.7276	416	yes	-1.24221	Non-coding
>STRG.7288	462	yes	-1.14821	Non-coding
>STRG.7309	994	yes	-1.86257	Non-coding
>STRG.7319	318	yes	-2.02814	Non-coding
>STRG.7321	3418	yes	0.031611	Coding
>STRG.7334	336	yes	-0.774735	Non-coding
>STRG.7353	1540	yes	0.601031	Coding
>STRG.7355	279	yes	-1.95061	Non-coding
>STRG.7398	15802	yes	0.869037	Coding
>STRG.7402	585	yes	-1.91473	Non-coding
>STRG.7403	562	yes	-1.82785	Non-coding
>STRG.7430	444	yes	-2.70902	Non-coding
>STRG.7480	3711	yes	1.66499	Coding
>STRG.7484	1212	yes	0.539584	Coding
>STRG.7488	326	yes	-1.78658	Non-coding
>STRG.7489	270	yes	-2.44615	Non-coding
>STRG.7502	2693	yes	0.216127	Coding
>STRG.7527	1105	yes	0.708437	Coding
>STRG.7538	2199	yes	-0.013653	Non-coding
>STRG.7544	314	yes	-1.81547	Non-coding
>STRG.7559	698	yes	-0.61594	Non-coding
>STRG.7560	2253	yes	0.419312	Coding
>STRG.7562	1863	yes	0.683916	Coding
>STRG.7572	250	yes	-2.23393	Non-coding
>STRG.7576	270	yes	-2.28643	Non-coding
>STRG.7578	468	yes	-1.33117	Non-coding
>STRG.7611	3607	yes	1.64219	Coding
>STRG.7646	276	yes	-2.24276	Non-coding
>STRG.7654	309	yes	-1.92449	Non-coding
>STRG.7677	5172	yes	0.173587	Coding
>STRG.7678	811	yes	0.114312	Coding
>STRG.7679	811	yes	0.126565	Coding
>STRG.7680	811	yes	0.126565	Coding
>STRG.7681	811	yes	0.114312	Coding
>STRG.7682	811	yes	0.173062	Coding
>STRG.7683	811	yes	0.114312	Coding
>STRG.7684	273	yes	-2.02	Non-coding
>STRG.7694	1837	yes	0.340748	Coding
>STRG.7695	618	yes	-0.808864	Non-coding
>STRG.7705	342	yes	-2.26807	Non-coding
>STRG.7718	437	yes	-0.938489	Non-coding
>STRG.7726	272	yes	-2.08913	Non-coding
>STRG.7739	433	yes	-1.34871	Non-coding
>STRG.7764	733	yes	-0.708579	Non-coding
>STRG.7782	616	yes	-1.25281	Non-coding
>STRG.7824	1141	yes	-1.07071	Non-coding
>STRG.7839	280	yes	-1.9795	Non-coding
>STRG.7859	686	yes	-1.07744	Non-coding
>STRG.7860	561	yes	-1.78077	Non-coding
>STRG.7861	775	yes	0.113623	Coding
>STRG.7877	436	yes	-2.16802	Non-coding
>STRG.7881	980	yes	-2.10393	Non-coding
>STRG.7885	639	yes	0.5571	Coding
>STRG.7929	1434	yes	0.829339	Coding
>STRG.7948	276	yes	-1.9055	Non-coding
>STRG.7957	402	yes	-2.58075	Non-coding
>STRG.7960	2003	yes	2.74792	Coding
>STRG.7965	373	yes	-2.13029	Non-coding
>STRG.7967	588	yes	-1.55992	Non-coding
>STRG.7968	343	yes	-2.39059	Non-coding
>STRG.7972	830	yes	-1.28601	Non-coding
>STRG.7980	404	yes	-1.24989	Non-coding
>STRG.7984	318	yes	-1.77865	Non-coding
>STRG.7991	580	yes	-1.78325	Non-coding
>STRG.7994	1982	yes	-0.199276	Non-coding
>STRG.8005	11536	yes	0.224004	Coding
>STRG.8012	818	yes	-0.757676	Non-coding
>STRG.8049	424	yes	-1.5749	Non-coding
>STRG.8061	374	yes	-2.45755	Non-coding
>STRG.8082	267	yes	-2.40058	Non-coding
>STRG.8084	2731	yes	0.758982	Coding
>STRG.8087	1470	yes	0.252625	Coding
>STRG.8090	466	yes	-3.40625	Non-coding
>STRG.8097	1997	yes	0.425886	Coding
>STRG.8099	1089	yes	-0.611948	Non-coding
>STRG.8101	261	yes	-2.11834	Non-coding
>STRG.8103	262	yes	-1.49436	Non-coding
>STRG.8120	400	yes	-1.20322	Non-coding
>STRG.8125	1216	yes	-0.106118	Non-coding
>STRG.8128	740	yes	-1.41864	Non-coding
>STRG.8129	776	yes	-2.01837	Non-coding
>STRG.8137	497	yes	-1.73458	Non-coding
>STRG.8164	982	yes	0.401382	Coding
>STRG.8169	2044	yes	-0.360834	Non-coding
>STRG.8171	4766	yes	-0.353545	Non-coding
>STRG.8175	291	yes	-1.91868	Non-coding
>STRG.8180	782	yes	0.250526	Coding
>STRG.8186	863	yes	-0.832718	Non-coding
>STRG.8188	710	yes	-1.07288	Non-coding
>STRG.8189	263	yes	-2.0097	Non-coding
>STRG.8192	772	yes	-0.797579	Non-coding
>STRG.8213	745	yes	-1.06965	Non-coding
>STRG.8231	834	yes	0.266806	Coding
>STRG.8248	275	yes	-1.94291	Non-coding
>STRG.8263	1344	yes	0.072129	Coding
>STRG.8264	274	yes	-1.58221	Non-coding
>STRG.8265	275	yes	-2.09531	Non-coding
>STRG.8270	290	yes	-2.40762	Non-coding
>STRG.8279	1150	yes	0.115928	Coding
>STRG.8288	364	yes	-1.41285	Non-coding
>STRG.8305	305	yes	-1.56015	Non-coding
>STRG.8316	1447	yes	-0.628959	Non-coding
>STRG.8331	795	yes	-0.647132	Non-coding
>STRG.8332	1368	yes	-1.05778	Non-coding
>STRG.8340	1690	yes	-0.327402	Non-coding
>STRG.8353	697	yes	-2.16995	Non-coding
>STRG.8365	434	yes	-1.44143	Non-coding
>STRG.8370	2501	yes	-0.075444	Non-coding
>STRG.8383	2506	yes	0.28887	Coding
>STRG.8395	1164	yes	-0.997931	Non-coding
>STRG.8422	1043	yes	-0.12421	Non-coding
>STRG.8439	1867	yes	-0.568728	Non-coding
>STRG.8441	399	yes	-2.35329	Non-coding
>STRG.8442	352	yes	-1.91864	Non-coding
>STRG.8446	294	yes	-2.48137	Non-coding
>STRG.8447	2554	yes	-0.422713	Non-coding
>STRG.8449	5727	yes	0.155201	Coding
>STRG.8451	446	yes	-2.66817	Non-coding
>STRG.8452	685	yes	-1.72634	Non-coding
>STRG.8468	781	yes	-0.573427	Non-coding
>STRG.8516	576	yes	-1.85043	Non-coding
>STRG.8517	3875	yes	1.24335	Coding
>STRG.8531	1793	yes	0.027266	Coding
>STRG.8559	279	yes	-2.35394	Non-coding
>STRG.8560	1086	yes	-0.941991	Non-coding
>STRG.8563	469	yes	-0.996941	Non-coding
>STRG.8565	1040	yes	-0.741572	Non-coding
>STRG.8568	1853	yes	-1.40321	Non-coding
>STRG.8569	286	yes	-2.39494	Non-coding
>STRG.8584	386	yes	-1.90808	Non-coding
>STRG.8609	3280	yes	3.04112	Coding
>STRG.8634	728	yes	-1.46522	Non-coding
>STRG.8649	488	yes	-1.6375	Non-coding
>STRG.8649	738	yes	-2.05591	Non-coding
>STRG.8650	1341	yes	-2.19605	Non-coding
>STRG.8679	1509	yes	-2.10251	Non-coding
>STRG.8680	311	yes	-2.25515	Non-coding
>STRG.8685	1110	yes	-1.32851	Non-coding
>STRG.8696	1159	yes	0.145528	Coding
>STRG.8697	1106	yes	-0.12764	Non-coding
>STRG.8729	321	yes	-1.01188	Non-coding
>STRG.8749	311	yes	-2.09066	Non-coding
>STRG.8756	1281	yes	-0.387488	Non-coding
>STRG.8765	271	yes	-2.065	Non-coding
>STRG.8772	251	yes	-1.83634	Non-coding
>STRG.8776	1731	yes	-0.929161	Non-coding
>STRG.8790	2145	yes	-0.70237	Non-coding
>STRG.8796	1489	yes	-0.28379	Non-coding
>STRG.8810	321	yes	-1.87081	Non-coding
>STRG.8816	943	yes	-0.817788	Non-coding
>STRG.8845	247	yes	-2.17231	Non-coding
>STRG.8847	946	yes	-1.58062	Non-coding
>STRG.8852	1093	yes	-0.75107	Non-coding
>STRG.8870	279	yes	-2.13651	Non-coding
>STRG.8873	570	yes	-1.42513	Non-coding
>STRG.8884	374	yes	-2.11779	Non-coding
>STRG.8897	224	yes	-2.35991	Non-coding
>STRG.8909	543	yes	-1.59158	Non-coding
>STRG.8918	1330	yes	-1.25636	Non-coding
>STRG.8938	1174	yes	-0.698964	Non-coding
>STRG.8941	262	yes	-1.97867	Non-coding
>STRG.8942	6554	yes	0.783388	Coding
>STRG.8943	1168	yes	-0.695336	Non-coding
>STRG.8947	331	yes	-2.01885	Non-coding
>STRG.8954	2301	yes	0.41082	Coding
>STRG.8957	316	yes	-1.33573	Non-coding
>STRG.8967	1334	yes	-0.491098	Non-coding
>STRG.8974	283	yes	-2.06937	Non-coding
>STRG.8979	426	yes	-2.30485	Non-coding
>STRG.8986	1166	yes	-0.139087	Non-coding
>STRG.8993	681	yes	-1.10342	Non-coding
>STRG.9017	393	yes	-0.384367	Non-coding
>STRG.9072	521	yes	-2.46515	Non-coding
>STRG.9073	434	yes	-1.64938	Non-coding
>STRG.9094	251	yes	-2.33765	Non-coding
>STRG.9101	1078	yes	-0.797262	Non-coding
>STRG.9102	3462	yes	-1.45435	Non-coding
>STRG.9103	536	yes	-0.610824	Non-coding
>STRG.9104	538	yes	-1.27985	Non-coding
>STRG.9109	242	yes	-2.17663	Non-coding
>STRG.9120	714	yes	-0.647669	Non-coding
>STRG.9123	3110	yes	-0.147396	Non-coding
>STRG.9133	268	yes	-1.99133	Non-coding
>STRG.9141	474	yes	-1.70174	Non-coding
>STRG.9145	3409	yes	1.02289	Coding
>STRG.9159	4154	yes	0.730197	Coding
>STRG.9161	936	yes	-0.74509	Non-coding
>STRG.9179	270	yes	-2.16699	Non-coding
>STRG.9235	353	yes	-1.19413	Non-coding
>STRG.9239	5798	yes	1.38419	Coding
>STRG.9306	553	yes	-0.791862	Non-coding
>STRG.9320	1219	yes	-1.20356	Non-coding
>STRG.9327	277	yes	-1.92274	Non-coding
>STRG.9338	277	yes	-1.92274	Non-coding
>STRG.9350	1224	yes	-0.482321	Non-coding
>STRG.9357	366	yes	-2.073	Non-coding
>STRG.9371	727	yes	-1.35083	Non-coding
>STRG.9373	435	yes	-1.36563	Non-coding
>STRG.9387	544	yes	-1.15357	Non-coding
>STRG.9417	269	yes	-1.94288	Non-coding
>STRG.9420	511	yes	-1.54381	Non-coding
>STRG.9434	352	yes	-1.99659	Non-coding
>STRG.9509	464	yes	-0.729931	Non-coding
>STRG.9511	395	yes	-1.6328	Non-coding
>STRG.9525	540	yes	-2.21838	Non-coding
>STRG.9554	1449	yes	-0.09608	Non-coding
>STRG.9557	665	yes	-1.42937	Non-coding
>STRG.9570	262	yes	-1.60919	Non-coding
>STRG.9581	3689	yes	0.675615	Coding
>STRG.9600	741	yes	-1.04238	Non-coding
>STRG.9606	422	yes	-0.445244	Non-coding
>STRG.9622	3730	yes	0.757328	Coding
>STRG.9625	838	yes	-0.650705	Non-coding
>STRG.9647	610	yes	-1.68458	Non-coding
>STRG.9661	286	yes	-2.23023	Non-coding
>STRG.9673	368	yes	-1.5101	Non-coding
>STRG.9701	691	yes	-2.05984	Non-coding
>STRG.9708	462	yes	-1.93749	Non-coding
>STRG.9718	1389	yes	-0.622649	Non-coding
>STRG.9720	1302	yes	-1.16688	Non-coding
>STRG.9723	1952	yes	-0.248629	Non-coding
>STRG.9738	2684	yes	0.198565	Coding
>STRG.9761	325	yes	-1.865	Non-coding
>STRG.9767	288	yes	-2.23837	Non-coding
>STRG.9785	681	yes	-0.865964	Non-coding
>STRG.9796	938	yes	-0.140858	Non-coding
>STRG.9803	259	yes	-1.79428	Non-coding
>STRG.9806	267	yes	-1.96407	Non-coding
>STRG.9807	2949	yes	-0.25245	Non-coding
>STRG.9811	1458	yes	0.634362	Coding
>STRG.9811	1366	yes	0.270486	Coding
>STRG.9811	1570	yes	0.270154	Coding
>STRG.9811	1630	yes	0.803164	Coding
>STRG.9811	1639	yes	0.467051	Coding
>STRG.9811	1652	yes	0.878151	Coding
>STRG.9886	3771	yes	0.363132	Coding
>STRG.9947	1315	yes	-0.597261	Non-coding
>STRG.9953	282	yes	-1.61928	Non-coding
>STRG.9957	2676	yes	0.252514	Coding
>STRG.9958	275	yes	-2.16566	Non-coding
>STRG.9965	1481	yes	1.48333	Coding
>STRG.9974	816	yes	-0.224629	Non-coding
>STRG.9987	601	yes	-2.66777	Non-coding
>STRG.9994	461	yes	-2.45424	Non-coding
>STRG.9996	264	yes	-2.28709	Non-coding
>STRG.10017	511	yes	-0.770261	Non-coding
>STRG.10070	366	yes	-2.1508	Non-coding
>STRG.10077	258	yes	-2.22602	Non-coding
>STRG.10096	499	yes	-0.40388	Non-coding
>STRG.10114	1486	yes	-0.744883	Non-coding
>STRG.10115	503	yes	-2.54467	Non-coding
>STRG.10122	503	yes	-2.54467	Non-coding
>STRG.10125	503	yes	-2.52039	Non-coding
>STRG.10128	1491	yes	-0.482073	Non-coding
>STRG.10131	503	yes	-2.54467	Non-coding
>STRG.10134	503	yes	-2.54467	Non-coding
>STRG.10143	264	yes	-2.09218	Non-coding
>STRG.10154	3256	yes	0.059801	Coding
>STRG.10199	2688	yes	1.89489	Coding
>STRG.10199	1337	yes	0.59058	Coding
>STRG.10207	801	yes	-0.925122	Non-coding
>STRG.10214	1657	yes	0.931022	Coding
>STRG.10225	283	yes	-1.77386	Non-coding
>STRG.10252	581	yes	-1.84537	Non-coding
>STRG.10254	1141	yes	-0.32509	Non-coding
>STRG.10263	1052	yes	0.221107	Coding
>STRG.10334	7526	yes	-0.088664	Non-coding
>STRG.10335	252	yes	-2.31356	Non-coding
>STRG.10336	757	yes	-2.76717	Non-coding
>STRG.10337	585	yes	-2.33752	Non-coding
>STRG.10347	913	yes	-0.829898	Non-coding
>STRG.10348	2840	yes	-0.18167	Non-coding
>STRG.10357	3056	yes	0.161332	Coding
>STRG.10363	335	yes	-1.89425	Non-coding
>STRG.10377	3460	yes	-0.812781	Non-coding
>STRG.10421	626	yes	-1.33044	Non-coding
>STRG.10435	2849	yes	-1.85622	Non-coding
>STRG.10456	256	yes	-2.02812	Non-coding
>STRG.10464	482	yes	-1.25404	Non-coding
>STRG.10508	1532	yes	-0.908362	Non-coding
>STRG.10515	1515	yes	-1.017	Non-coding
>STRG.10532	758	yes	-0.282198	Non-coding
>STRG.10560	308	yes	-1.86666	Non-coding
>STRG.10562	1079	yes	-0.025965	Non-coding
>STRG.10563	777	yes	-0.546192	Non-coding
>STRG.10566	1418	yes	0.867935	Coding
>STRG.10572	250	yes	-1.8962	Non-coding
>STRG.10586	799	yes	-2.23525	Non-coding
>STRG.10587	1828	yes	0.386253	Coding
>STRG.10599	652	yes	-1.19669	Non-coding
>STRG.10600	460	yes	-2.57073	Non-coding
>STRG.10617	2521	yes	-0.169393	Non-coding
>STRG.10624	478	yes	-3.15392	Non-coding
>STRG.10639	1623	yes	1.30057	Coding
>STRG.10646	689	yes	-1.33744	Non-coding
>STRG.10647	536	yes	-1.13287	Non-coding
>STRG.10695	835	yes	0.44638	Coding
>STRG.10705	430	yes	-0.678285	Non-coding
>STRG.10733	642	yes	-1.9434	Non-coding
>STRG.10743	271	yes	-1.85676	Non-coding
>STRG.10755	257	yes	-2.12364	Non-coding
>STRG.10756	510	yes	-2.07329	Non-coding
>STRG.10757	1021	yes	0.019615	Coding
>STRG.10767	345	yes	-2.24129	Non-coding
>STRG.10777	345	yes	-2.0783	Non-coding
>STRG.10834	250	yes	-1.76527	Non-coding
>STRG.10850	251	yes	-2.17172	Non-coding
>STRG.10883	2022	yes	0.048382	Coding
>STRG.10890	412	yes	-1.49636	Non-coding
>STRG.10914	619	yes	-1.28823	Non-coding
>STRG.10930	4682	yes	1.6714	Coding
>STRG.10939	518	yes	-0.814177	Non-coding
>STRG.10941	639	yes	0.121362	Coding
>STRG.10954	421	yes	-1.37521	Non-coding
>STRG.10959	443	yes	-1.13592	Non-coding
>STRG.10966	1417	yes	-0.458939	Non-coding
>STRG.10980	227	yes	-1.83731	Non-coding
>STRG.10992	260	yes	-2.04363	Non-coding
>STRG.11062	2936	yes	0.053795	Coding
>STRG.11079	645	yes	-1.39485	Non-coding
>STRG.11080	990	yes	-1.53463	Non-coding
>STRG.11083	541	yes	-0.796053	Non-coding
>STRG.11093	263	yes	-1.73395	Non-coding
>STRG.11096	644	yes	-1.57876	Non-coding
>STRG.11097	1429	yes	-1.57751	Non-coding
>STRG.11116	794	yes	-1.11795	Non-coding
>STRG.11117	873	yes	-0.833456	Non-coding
>STRG.11122	667	yes	-1.16386	Non-coding
>STRG.11131	313	yes	-1.69561	Non-coding
>STRG.11132	336	yes	-1.65086	Non-coding
>STRG.11133	256	yes	-1.99898	Non-coding
>STRG.11169	877	yes	-1.69498	Non-coding
>STRG.11176	1996	yes	-0.775545	Non-coding
>STRG.11177	367	yes	-2.04436	Non-coding
>STRG.11199	582	yes	-1.94425	Non-coding
>STRG.11212	1101	yes	0.087316	Coding
>STRG.11218	326	yes	-2.0962	Non-coding
>STRG.11222	548	yes	-0.084148	Non-coding
>STRG.11240	313	yes	-2.0216	Non-coding
>STRG.11244	283	yes	-2.03443	Non-coding
>STRG.11245	1042	yes	1.42967	Coding
>STRG.11253	644	yes	-1.73934	Non-coding
>STRG.11257	255	yes	-2.46915	Non-coding
>STRG.11265	362	yes	-2.06387	Non-coding
>STRG.11272	314	yes	-1.94473	Non-coding
>STRG.11273	443	yes	0.074149	Coding
>STRG.11341	832	yes	0.844207	Coding
>STRG.11355	1013	yes	-1.85781	Non-coding
>STRG.11408	377	yes	-1.34841	Non-coding
>STRG.11411	347	yes	-1.96727	Non-coding
>STRG.11416	533	yes	-0.52968	Non-coding
>STRG.11424	1152	yes	0.216887	Coding
>STRG.11432	4401	yes	0.701352	Coding
>STRG.11433	4131	yes	-0.769985	Non-coding
>STRG.11434	3598	yes	0.594964	Coding
>STRG.11435	8338	yes	0.619073	Coding
>STRG.11436	8459	yes	0.645522	Coding
>STRG.11454	4832	yes	0.192647	Coding
>STRG.11459	530	yes	-2.21925	Non-coding
>STRG.11480	373	yes	-1.94519	Non-coding
>STRG.11502	959	yes	-0.697738	Non-coding
>STRG.11504	276	yes	-1.9621	Non-coding
>STRG.11532	5846	yes	1.4325	Coding
>STRG.11534	975	yes	-1.62997	Non-coding
>STRG.11535	313	yes	-2.15823	Non-coding
>STRG.11552	1591	yes	-1.49269	Non-coding
>STRG.11557	3230	yes	-0.270345	Non-coding
>STRG.11567	385	yes	-1.45942	Non-coding
>STRG.11569	288	yes	-2.7769	Non-coding
>STRG.11590	6884	yes	-0.636212	Non-coding
>STRG.11602	645	yes	-0.613371	Non-coding
>STRG.11607	1218	yes	-0.135726	Non-coding
>STRG.11640	1987	yes	-0.075836	Non-coding
>STRG.11644	1284	yes	-0.140015	Non-coding
>STRG.11651	317	yes	-1.82665	Non-coding
>STRG.11656	1204	yes	-1.39518	Non-coding
>STRG.11659	554	yes	-1.46548	Non-coding
>STRG.11690	1162	yes	-1.75441	Non-coding
>STRG.11706	284	yes	-1.78681	Non-coding
>STRG.11719	340	yes	-2.24383	Non-coding
>STRG.11757	340	yes	-1.67545	Non-coding
>STRG.11783	284	yes	-2.75973	Non-coding
>STRG.11788	1007	yes	-1.25217	Non-coding
>STRG.11790	374	yes	-2.31326	Non-coding
>STRG.11793	371	yes	-2.0205	Non-coding
>STRG.11798	410	yes	-2.28638	Non-coding
>STRG.11814	1128	yes	0.218569	Coding
>STRG.11841	4036	yes	1.48658	Coding
>STRG.11865	2076	yes	-0.410164	Non-coding
>STRG.11881	1198	yes	0.422054	Coding
>STRG.11882	1439	yes	-0.761822	Non-coding
>STRG.11883	1268	yes	0.092536	Coding
>STRG.11884	1330	yes	-0.156687	Non-coding
>STRG.11885	1343	yes	-0.315993	Non-coding
>STRG.11887	2364	yes	-0.156568	Non-coding
>STRG.11888	1273	yes	0.037139	Coding
>STRG.11891	1264	yes	0.289377	Coding
>STRG.11892	3227	yes	-1.06966	Non-coding
>STRG.11902	335	yes	-2.12466	Non-coding
>STRG.11905	2916	yes	0.37105	Coding
>STRG.11906	2309	yes	0.358946	Coding
>STRG.11908	444	yes	-1.71201	Non-coding
>STRG.11910	1092	yes	-2.11697	Non-coding
>STRG.11911	698	yes	-0.840031	Non-coding
>STRG.11914	1106	yes	0.147774	Coding
>STRG.11921	300	yes	-1.60809	Non-coding
>STRG.11950	556	yes	-0.654424	Non-coding
>STRG.11975	308	yes	-1.24681	Non-coding
>STRG.11978	441	yes	-1.8896	Non-coding
>STRG.11979	258	yes	-1.61284	Non-coding
>STRG.11981	2688	yes	1.50053	Coding
>STRG.12035	596	yes	-0.705957	Non-coding
>STRG.12037	426	yes	-1.65255	Non-coding
>STRG.12055	341	yes	-2.174	Non-coding
>STRG.12062	2160	yes	-0.292199	Non-coding
>STRG.12077	339	yes	-1.9336	Non-coding
>STRG.12079	2617	yes	0.060647	Coding
>STRG.12104	266	yes	-1.62145	Non-coding
>STRG.12105	287	yes	-1.90058	Non-coding
>STRG.12106	446	yes	-1.47971	Non-coding
>STRG.12110	1102	yes	-0.049322	Non-coding
>STRG.12119	401	yes	-1.01405	Non-coding
>STRG.12130	710	yes	-1.49278	Non-coding
>STRG.12131	4273	yes	1.30667	Coding
>STRG.12132	929	yes	-0.911378	Non-coding
>STRG.12134	621	yes	-1.19369	Non-coding
>STRG.12166	399	yes	-1.04629	Non-coding
>STRG.12215	660	yes	-0.263316	Non-coding
>STRG.12223	612	yes	-2.312	Non-coding
>STRG.12246	1489	yes	0.135737	Coding
>STRG.12250	2314	yes	0.373133	Coding
>STRG.12261	650	yes	-0.738274	Non-coding
>STRG.12311	314	yes	-2.45149	Non-coding
>STRG.12313	1189	yes	0.301899	Coding
>STRG.12336	886	yes	-0.968407	Non-coding
>STRG.12352	268	yes	-2.10039	Non-coding
>STRG.12353	1141	yes	-2.14831	Non-coding
>STRG.12372	284	yes	-2.06735	Non-coding
>STRG.12383	289	yes	-1.72088	Non-coding
>STRG.12385	289	yes	-1.72088	Non-coding
>STRG.12387	289	yes	-1.72088	Non-coding
>STRG.12389	289	yes	-1.72088	Non-coding
>STRG.12391	289	yes	-1.72088	Non-coding
>STRG.12393	289	yes	-1.72088	Non-coding
>STRG.12395	2442	yes	-0.84796	Non-coding
>STRG.12418	1576	yes	-0.302146	Non-coding
>STRG.12442	317	yes	-1.36262	Non-coding
>STRG.12454	1324	yes	0.206601	Coding
>STRG.12456	377	yes	-1.39576	Non-coding
>STRG.12472	377	yes	-1.41105	Non-coding
>STRG.12478	1056	yes	0.00235	Coding
>STRG.12500	1724	yes	-0.613439	Non-coding
>STRG.12510	268	yes	-2.27695	Non-coding
>STRG.12527	257	yes	-1.39352	Non-coding
>STRG.12558	1423	yes	-0.045051	Non-coding
>STRG.12564	813	yes	-0.31128	Non-coding
>STRG.12568	304	yes	-1.6542	Non-coding
>STRG.12573	999	yes	0.556475	Coding
>STRG.12574	266	yes	-1.69843	Non-coding
>STRG.12575	1647	yes	0.85796	Coding
>STRG.12614	365	yes	-1.24356	Non-coding
>STRG.12615	308	yes	-1.05252	Non-coding
>STRG.12657	281	yes	-1.8977	Non-coding
>STRG.12690	853	yes	-1.23931	Non-coding
>STRG.12691	1387	yes	0.542777	Coding
>STRG.12693	858	yes	-1.02979	Non-coding
>STRG.12694	1387	yes	0.577903	Coding
>STRG.12696	955	yes	-0.552082	Non-coding
>STRG.12718	510	yes	-0.727549	Non-coding
>STRG.12719	278	yes	-1.93873	Non-coding
>STRG.12739	531	yes	-1.4673	Non-coding
>STRG.12745	1053	yes	-0.283203	Non-coding
>STRG.12795	299	yes	-2.70029	Non-coding
>STRG.12805	285	yes	-2.02307	Non-coding
>STRG.12818	298	yes	-1.96106	Non-coding
>STRG.12823	713	yes	-1.44038	Non-coding
>STRG.12832	1855	yes	1.9298	Coding
>STRG.12836	584	yes	-1.77136	Non-coding
>STRG.12861	587	yes	-1.06834	Non-coding
>STRG.12883	4415	yes	-0.090776	Non-coding
>STRG.12885	340	yes	-2.28288	Non-coding
>STRG.12896	296	yes	-2.04672	Non-coding
>STRG.12896	1264	yes	-0.251395	Non-coding
>STRG.12899	1836	yes	0.544751	Coding
>STRG.12915	516	yes	-0.884701	Non-coding
>STRG.12946	1936	yes	-1.0607	Non-coding
>STRG.12947	430	yes	-1.46643	Non-coding
>STRG.12987	2873	yes	-0.357105	Non-coding
>STRG.12991	2000	yes	-0.030422	Non-coding
>STRG.13019	303	yes	-1.45513	Non-coding
>STRG.13020	445	yes	-1.00502	Non-coding
>STRG.13034	344	yes	-2.23466	Non-coding
>STRG.13036	679	yes	-0.142683	Non-coding
>STRG.13038	2235	yes	-0.200271	Non-coding
>STRG.13060	537	yes	-0.827303	Non-coding
>STRG.13061	799	yes	-1.47793	Non-coding
>STRG.13076	735	yes	-1.58684	Non-coding
>STRG.13096	337	yes	-2.20315	Non-coding
>STRG.13099	1462	yes	-0.963858	Non-coding
>STRG.13111	370	yes	-1.74709	Non-coding
>STRG.13150	545	yes	-2.20056	Non-coding
>STRG.13163	1239	yes	1.704	Coding
>STRG.13164	282	yes	-1.49752	Non-coding
>STRG.13177	1185	yes	-2.10848	Non-coding
>STRG.13181	812	yes	-0.803723	Non-coding
>STRG.13197	345	yes	-2.20745	Non-coding
>STRG.13203	923	yes	-1.04532	Non-coding
>STRG.13204	369	yes	-1.12926	Non-coding
>STRG.13205	514	yes	-1.41342	Non-coding
>STRG.13207	254	yes	-2.06399	Non-coding
>STRG.13223	713	yes	-1.22818	Non-coding
>STRG.13224	1186	yes	1.38692	Coding
>STRG.13228	834	yes	-0.484871	Non-coding
>STRG.13232	583	yes	-0.34436	Non-coding
>STRG.13238	2405	yes	0.713919	Coding
>STRG.13247	339	yes	-1.39355	Non-coding
>STRG.13258	1167	yes	-0.333783	Non-coding
>STRG.13280	733	yes	0.166586	Coding
>STRG.13284	267	yes	-2.21356	Non-coding
>STRG.13304	243	yes	-2.22385	Non-coding
>STRG.13310	792	yes	-2.54884	Non-coding
>STRG.13314	343	yes	-2.02257	Non-coding
>STRG.13324	1021	yes	-0.664684	Non-coding
>STRG.13366	257	yes	-2.10945	Non-coding
>STRG.13367	257	yes	-2.10945	Non-coding
>STRG.13368	257	yes	-2.08508	Non-coding
>STRG.13369	257	yes	-2.08508	Non-coding
>STRG.13370	257	yes	-2.08508	Non-coding
>STRG.13371	257	yes	-2.10945	Non-coding
>STRG.13372	429	yes	-2.31553	Non-coding
>STRG.13373	411	yes	-2.13758	Non-coding
>STRG.13378	1098	yes	-0.323784	Non-coding
>STRG.13383	315	yes	-2.32634	Non-coding
>STRG.13386	616	yes	-2.32596	Non-coding
>STRG.13387	279	yes	-2.32595	Non-coding
>STRG.13388	1155	yes	-2.3244	Non-coding
>STRG.13389	319	yes	-2.32574	Non-coding
>STRG.13391	542	yes	-2.32392	Non-coding
>STRG.13393	453	yes	-2.32234	Non-coding
>STRG.13395	807	yes	-2.32382	Non-coding
>STRG.13398	387	yes	-2.12775	Non-coding
>STRG.13399	1064	yes	-0.533428	Non-coding
>STRG.13401	1143	yes	-2.3264	Non-coding
>STRG.13403	256	yes	-2.30436	Non-coding
>STRG.13412	480	yes	-2.32247	Non-coding
>STRG.13414	1582	yes	1.32625	Coding
>STRG.13415	325	yes	-1.71655	Non-coding
>STRG.13417	372	yes	-1.98291	Non-coding
>STRG.13420	568	yes	-1.74472	Non-coding
>STRG.13455	770	yes	-2.2773	Non-coding
>STRG.13472	637	yes	-2.32226	Non-coding
>STRG.13474	719	yes	-1.47955	Non-coding
>STRG.13485	1003	yes	-2.32632	Non-coding
>STRG.13487	1577	yes	1.86937	Coding
>STRG.13492	522	yes	-1.51373	Non-coding
>STRG.13493	326	yes	-1.256	Non-coding
>STRG.13521	1315	yes	-0.708738	Non-coding
>STRG.13522	642	yes	-1.39437	Non-coding
>STRG.13523	1629	yes	1.8971	Coding
>STRG.13526	266	yes	-1.22773	Non-coding
>STRG.13527	343	yes	-1.80145	Non-coding
>STRG.13537	1138	yes	-1.79699	Non-coding
>STRG.13552	399	yes	-1.22061	Non-coding
>STRG.13553	525	yes	-0.799956	Non-coding
>STRG.13554	677	yes	-1.32323	Non-coding
>STRG.13555	975	yes	-0.88917	Non-coding
>STRG.13563	561	yes	-0.9024	Non-coding
>STRG.13593	309	yes	-2.21182	Non-coding
>STRG.13595	364	yes	-1.54092	Non-coding
>STRG.13597	289	yes	-2.43264	Non-coding
>STRG.13647	272	yes	-0.568852	Non-coding
>STRG.13649	326	yes	-1.87807	Non-coding
>STRG.13680	379	yes	-1.59451	Non-coding
>STRG.13681	1218	yes	-0.402016	Non-coding
>STRG.13707	755	yes	-1.68417	Non-coding
>STRG.13723	381	yes	-0.857244	Non-coding
>STRG.13730	798	yes	-1.84898	Non-coding
>STRG.13731	474	yes	-3.17608	Non-coding
>STRG.13732	469	yes	-1.91105	Non-coding
>STRG.13736	2297	yes	-0.020854	Non-coding
>STRG.13738	254	yes	-2.33743	Non-coding
>STRG.13749	324	yes	-2.51185	Non-coding
>STRG.13750	688	yes	-0.278587	Non-coding
>STRG.13751	417	yes	-2.07383	Non-coding
>STRG.13776	614	yes	-1.41583	Non-coding
>STRG.13778	338	yes	-2.05971	Non-coding
>STRG.13786	672	yes	-1.32299	Non-coding
>STRG.13792	1706	yes	0.881456	Coding
>STRG.13794	993	yes	-0.540674	Non-coding
>STRG.13820	355	yes	-0.74842	Non-coding
>STRG.13826	1403	yes	0.639678	Coding
>STRG.13837	293	yes	-2.78002	Non-coding
>STRG.13846	694	yes	-0.070392	Non-coding
>STRG.13858	429	yes	-2.4772	Non-coding
>STRG.13859	870	yes	-0.572231	Non-coding
>STRG.13885	257	yes	-2.52872	Non-coding
>STRG.13886	279	yes	-1.95953	Non-coding
>STRG.13888	329	yes	-2.48779	Non-coding
>STRG.13889	3075	yes	0.306746	Coding
>STRG.13892	2472	yes	1.18261	Coding
>STRG.13899	658	yes	-2.29504	Non-coding
>STRG.13905	298	yes	-2.20001	Non-coding
>STRG.13917	557	yes	-1.68803	Non-coding
>STRG.13918	421	yes	-2.57947	Non-coding
>STRG.13920	352	yes	-2.21128	Non-coding
>STRG.13949	263	yes	-2.1163	Non-coding
>STRG.13955	534	yes	-1.24449	Non-coding
>STRG.13966	4034	yes	1.57594	Coding
>STRG.13973	287	yes	-2.0551	Non-coding
>STRG.13976	1779	yes	-0.552847	Non-coding
>STRG.13981	451	yes	-2.46506	Non-coding
>STRG.13984	349	yes	-1.6293	Non-coding
>STRG.13988	1002	yes	-0.783772	Non-coding
>STRG.14001	1253	yes	0.22631	Coding
>STRG.14010	296	yes	-1.9969	Non-coding
>STRG.14015	344	yes	-2.03628	Non-coding
>STRG.14022	362	yes	-2.10102	Non-coding
>STRG.14031	1252	yes	-0.630506	Non-coding
>STRG.14033	813	yes	-0.286111	Non-coding
>STRG.14038	405	yes	-2.30655	Non-coding
>STRG.14044	250	yes	-2.05611	Non-coding
>STRG.14045	3636	yes	0.13784	Coding
>STRG.14062	6481	yes	0.112789	Coding
>STRG.14063	6460	yes	0.137117	Coding
>STRG.14064	6477	yes	0.207662	Coding
>STRG.14087	1161	yes	-0.512006	Non-coding
>STRG.14119	1433	yes	0.770318	Coding
>STRG.14124	322	yes	-1.51294	Non-coding
>STRG.14127	496	yes	-1.68452	Non-coding
>STRG.14135	2565	yes	-0.022357	Non-coding
>STRG.14138	565	yes	-0.911859	Non-coding
>STRG.14142	392	yes	-1.33669	Non-coding
>STRG.14147	710	yes	-1.17139	Non-coding
>STRG.14152	1488	yes	-1.67649	Non-coding
>STRG.14156	511	yes	-1.59385	Non-coding
>STRG.14161	692	yes	-1.80739	Non-coding
>STRG.14179	707	yes	-0.883496	Non-coding
>STRG.14179	792	yes	-0.471404	Non-coding
>STRG.14187	253	yes	-2.35331	Non-coding
>STRG.14195	261	yes	-2.15161	Non-coding
>STRG.14222	1303	yes	0.077824	Coding
>STRG.14223	2705	yes	-0.273332	Non-coding
>STRG.14226	766	yes	-2.3472	Non-coding
>STRG.14253	470	yes	-1.7194	Non-coding
>STRG.14258	472	yes	-2.33983	Non-coding
>STRG.14263	657	yes	-2.08108	Non-coding
>STRG.14265	4056	yes	0.542241	Coding
>STRG.14266	375	yes	-1.9064	Non-coding
>STRG.14267	467	yes	-1.45126	Non-coding
>STRG.14268	785	yes	-0.881208	Non-coding
>STRG.14273	338	yes	-2.32406	Non-coding
>STRG.14280	854	yes	-0.535086	Non-coding
>STRG.14281	368	yes	-2.46489	Non-coding
>STRG.14299	2748	yes	0.659701	Coding
>STRG.14309	399	yes	-1.19973	Non-coding
>STRG.14310	758	yes	-0.430439	Non-coding
>STRG.14311	1124	yes	-0.251152	Non-coding
>STRG.14312	1171	yes	-0.509874	Non-coding
>STRG.14320	561	yes	-0.9024	Non-coding
>STRG.14347	2824	yes	1.0676	Coding
>STRG.14350	282	yes	-1.96592	Non-coding
>STRG.14352	365	yes	-1.50059	Non-coding
>STRG.14354	288	yes	-2.38603	Non-coding
>STRG.14392	6805	yes	1.59536	Coding
>STRG.14394	263	yes	-2.31678	Non-coding
>STRG.14405	339	yes	-1.95267	Non-coding
>STRG.14430	432	yes	-0.81368	Non-coding
>STRG.14432	993	yes	-1.55528	Non-coding
>STRG.14433	454	yes	-1.51151	Non-coding
>STRG.14436	286	yes	-1.70322	Non-coding
>STRG.14437	7164	yes	1.67259	Coding
>STRG.14481	1147	yes	-1.79664	Non-coding
>STRG.14488	270	yes	-1.97895	Non-coding
>STRG.14494	252	yes	-2.17791	Non-coding
>STRG.14495	252	yes	-2.17791	Non-coding
>STRG.14497	6804	yes	1.69847	Coding
>STRG.14516	305	yes	-1.86935	Non-coding
>STRG.14520	737	yes	-1.11124	Non-coding
>STRG.14531	759	yes	-2.58237	Non-coding
>STRG.14532	269	yes	-2.24167	Non-coding
>STRG.14540	311	yes	-1.79494	Non-coding
>STRG.14541	270	yes	-1.94223	Non-coding
>STRG.14551	741	yes	-1.01863	Non-coding
>STRG.14554	274	yes	-2.03664	Non-coding
>STRG.14577	733	yes	-1.36613	Non-coding
>STRG.14578	579	yes	-1.19382	Non-coding
>STRG.14583	1911	yes	0.704747	Coding
>STRG.14586	2540	yes	0.172101	Coding
>STRG.14593	1623	yes	1.04811	Coding
>STRG.14594	311	yes	-1.79494	Non-coding
>STRG.14595	311	yes	-1.79494	Non-coding
>STRG.14596	688	yes	-1.37502	Non-coding
>STRG.14596	433	yes	-1.70974	Non-coding
>STRG.14630	360	yes	-1.74263	Non-coding
>STRG.14631	1503	yes	-2.43751	Non-coding
>STRG.14633	329	yes	-2.21922	Non-coding
>STRG.14640	733	yes	0.270172	Coding
>STRG.14641	258	yes	-1.55004	Non-coding
>STRG.14643	733	yes	0.195565	Coding
>STRG.14648	733	yes	0.2279	Coding
>STRG.14655	223	yes	-1.78378	Non-coding
>STRG.14660	329	yes	-2.00286	Non-coding
>STRG.14692	347	yes	-2.32636	Non-coding
>STRG.14692	731	yes	-2.32636	Non-coding
>STRG.14693	2539	yes	0.660046	Coding
>STRG.14694	2106	yes	0.360604	Coding
>STRG.14695	708	yes	-0.674083	Non-coding
>STRG.14699	252	yes	-2.041	Non-coding
>STRG.14700	458	yes	-1.34002	Non-coding
>STRG.14701	458	yes	-1.34002	Non-coding
>STRG.14702	458	yes	-1.34002	Non-coding
>STRG.14713	857	yes	-2.32636	Non-coding
>STRG.14714	354	yes	-1.75198	Non-coding
>STRG.14715	862	yes	-1.35264	Non-coding
>STRG.14724	2106	yes	0.361776	Coding
>STRG.14725	311	yes	-2.32636	Non-coding
>STRG.14725	311	yes	-2.32636	Non-coding
>STRG.14726	708	yes	-0.65545	Non-coding
>STRG.14727	2112	yes	0.242584	Coding
>STRG.14729	1288	yes	0.251556	Coding
>STRG.14730	1543	yes	0.765786	Coding
>STRG.14738	1550	yes	-0.490294	Non-coding
>STRG.14739	458	yes	-1.34002	Non-coding
>STRG.14740	458	yes	-1.34002	Non-coding
>STRG.14741	458	yes	-1.34002	Non-coding
>STRG.14742	223	yes	-2.25947	Non-coding
>STRG.14743	1550	yes	-0.604913	Non-coding
>STRG.14744	1309	yes	0.776068	Coding
>STRG.14745	328	yes	-2.289	Non-coding
>STRG.14746	1361	yes	-0.278158	Non-coding
>STRG.14747	1361	yes	-0.278158	Non-coding
>STRG.14748	1361	yes	-0.278158	Non-coding
>STRG.14749	450	yes	-2.1627	Non-coding
>STRG.14751	487	yes	-1.70017	Non-coding
>STRG.14752	487	yes	-1.70017	Non-coding
>STRG.14753	290	yes	-1.96223	Non-coding
>STRG.14754	1560	yes	0.362623	Coding
>STRG.14755	459	yes	-2.20855	Non-coding
>STRG.14756	296	yes	-2.25551	Non-coding
>STRG.14761	487	yes	-1.70017	Non-coding
>STRG.14762	487	yes	-1.70017	Non-coding
>STRG.14763	487	yes	-1.70017	Non-coding
>STRG.14767	587	yes	-0.956956	Non-coding
>STRG.14768	587	yes	-0.956956	Non-coding
>STRG.14769	587	yes	-0.931604	Non-coding
>STRG.14770	587	yes	-0.956956	Non-coding
>STRG.14771	564	yes	-0.889573	Non-coding
>STRG.14772	587	yes	-0.931604	Non-coding
>STRG.14774	491	yes	-1.39446	Non-coding
>STRG.14775	1490	yes	0.238451	Coding
>STRG.14779	497	yes	-0.888927	Non-coding
>STRG.14786	345	yes	-1.18101	Non-coding
>STRG.14792	913	yes	-2.14297	Non-coding
>STRG.14796	1550	yes	-0.487164	Non-coding
>STRG.14798	281	yes	-2.27778	Non-coding
>STRG.14803	406	yes	-2.01685	Non-coding
>STRG.14804	1105	yes	0.391886	Coding
>STRG.14805	1550	yes	-0.501516	Non-coding
>STRG.14809	330	yes	-1.75937	Non-coding
>STRG.14811	482	yes	-1.90939	Non-coding
>STRG.14818	798	yes	-2.12993	Non-coding
>STRG.14819	1560	yes	0.362623	Coding
>STRG.14820	290	yes	-1.96223	Non-coding
>STRG.14821	1550	yes	-0.58151	Non-coding
>STRG.14822	1105	yes	0.492768	Coding
>STRG.14823	289	yes	-2.30414	Non-coding
>STRG.14824	491	yes	-1.53146	Non-coding
>STRG.14825	2106	yes	0.296886	Coding
>STRG.14831	930	yes	-2.32616	Non-coding
>STRG.14838	495	yes	-2.32636	Non-coding
>STRG.14840	855	yes	-0.750073	Non-coding
>STRG.14851	487	yes	-1.70017	Non-coding
>STRG.14852	849	yes	-1.77089	Non-coding
>STRG.14853	802	yes	-1.50804	Non-coding
>STRG.14869	2872	yes	-0.34222	Non-coding
>STRG.14875	931	yes	-0.098694	Non-coding
>STRG.14882	564	yes	-0.882472	Non-coding
>STRG.14887	1199	yes	-0.48416	Non-coding
>STRG.14888	1425	yes	0.797056	Coding
>STRG.14890	788	yes	-1.54097	Non-coding
>STRG.14891	1441	yes	-1.15601	Non-coding
>STRG.14892	1077	yes	-1.74433	Non-coding
>STRG.14897	311	yes	-1.79494	Non-coding
>STRG.14901	611	yes	-0.911467	Non-coding
>STRG.14902	1106	yes	0.325065	Coding
>STRG.14912	1538	yes	-2.29062	Non-coding
>STRG.14913	1557	yes	-2.1754	Non-coding
>STRG.14915	577	yes	-2.32632	Non-coding
>STRG.14916	783	yes	-0.836155	Non-coding
>STRG.14928	502	yes	-0.662689	Non-coding
>STRG.14929	909	yes	0.371195	Coding
>STRG.14930	675	yes	-2.31138	Non-coding
>STRG.14931	818	yes	-1.29726	Non-coding
>STRG.14935	2788	yes	1.27271	Coding
>STRG.14936	743	yes	-2.13574	Non-coding
>STRG.14937	390	yes	-2.32408	Non-coding
>STRG.14939	1219	yes	-1.28131	Non-coding
>STRG.14943	523	yes	-1.50089	Non-coding
>STRG.14961	919	yes	-0.366744	Non-coding
>STRG.14962	456	yes	-1.3835	Non-coding
>STRG.14963	890	yes	-0.044094	Non-coding
>STRG.14964	3083	yes	1.05626	Coding
>STRG.14965	418	yes	-1.37134	Non-coding
>STRG.14971	1366	yes	-0.567041	Non-coding
>STRG.14976	1550	yes	-0.925437	Non-coding
>STRG.14984	1254	yes	-0.254453	Non-coding
>STRG.14991	643	yes	-2.26053	Non-coding