sequence	tRNA_no	begin	end	type	anticodon	intron_begin	intron_end	score	note
CM049887.1	1	3320788	3320859	Pro	AGG	0	0	70.2	
CM049887.1	3	123774075	123774146	Pro	CGG	0	0	70.2	
CM049887.1	4	132038243	132038314	Asp	GTC	0	0	66.5	
CM049887.1	5	132038468	132038539	His	GTG	0	0	60.1	
CM049887.1	6	132039268	132039349	Ser	AGA	0	0	89.6	
CM049887.1	7	132039627	132039700	Thr	AGT	0	0	80.1	
CM049887.1	8	176755773	176755844	Asp	GTC	0	0	57.1	
CM049887.1	11	212494079	212494150	Lys	CTT	0	0	55.6	
CM049887.1	12	177731721	177731650	Asp	GTC	0	0	66.5	
CM049887.1	13	176756068	176755997	Asp	GTC	0	0	65.4	
CM049887.1	14	176755306	176755235	Trp	CCA	0	0	74.3	
CM049887.1	15	173875179	173875107	Arg	CCT	0	0	65.6	
CM049887.1	17	132040910	132040828	Leu	CAG	0	0	78.2	
CM049887.1	18	132040524	132040451	Ile	AAT	0	0	81.2	
CM049887.1	19	132038979	132038906	Ile	AAT	0	0	81.2	
CM049887.1	20	132031681	132031610	Asp	GTC	0	0	66.5	
CM049887.1	21	132031121	132031048	Ile	AAT	0	0	81.2	
CM049887.1	22	132030777	132030706	Asp	GTC	0	0	66.5	
CM049887.1	23	130148596	130148523	Ile	AAT	0	0	81.2	
CM049887.1	24	123774783	123774712	Pro	AGG	0	0	70.2	
CM049887.1	25	112180616	112180544	Lys	CTT	0	0	75.5	
CM049887.1	26	90324845	90324773	Val	TAC	0	0	82.9	
CM049887.1	27	60665050	60664978	Phe	GAA	0	0	88.9	
CM049887.1	28	53883409	53883337	Lys	CTT	0	0	80.0	
CM049887.1	30	25825735	25825662	Asn	GTT	0	0	80.9	
CM049887.1	31	25825444	25825372	Val	AAC	0	0	79.4	
CM049887.1	32	3321143	3321072	Pro	TGG	0	0	70.5	
CM049888.1	1	2297943	2298015	Phe	GAA	0	0	83.4	
CM049888.1	2	14019249	14019321	Met	CAT	0	0	82.3	
CM049888.1	3	22224585	22224667	Leu	CAG	0	0	77.3	
CM049888.1	4	27288602	27288683	Ser	AGA	0	0	89.6	
CM049888.1	7	33841624	33841697	Lys	CTT	0	0	57.1	
CM049888.1	8	40164247	40164336	Tyr	GTA	40164284	40164300	75.4	
CM049888.1	9	40391005	40391077	Arg	ACG	0	0	64.6	
CM049888.1	10	40393355	40393427	Arg	ACG	0	0	64.6	
CM049888.1	11	40394964	40395054	Tyr	GTA	40395001	40395018	75.4	
CM049888.1	12	40412974	40413062	Tyr	GTA	40413011	40413026	68.5	
CM049888.1	13	40413384	40413456	Ala	AGC	0	0	55.7	
CM049888.1	14	40414200	40414288	Tyr	GTA	40414237	40414252	71.6	
CM049888.1	15	40414616	40414688	Ala	AGC	0	0	55.7	
CM049888.1	16	40415432	40415520	Tyr	GTA	40415469	40415484	71.6	
CM049888.1	17	40415842	40415914	Ala	AGC	0	0	53.2	
CM049888.1	18	40416658	40416746	Tyr	GTA	40416695	40416710	71.6	
CM049888.1	19	40417074	40417146	Ala	AGC	0	0	55.7	
CM049888.1	20	40417890	40417978	Tyr	GTA	40417927	40417942	71.6	
CM049888.1	21	40418306	40418378	Ala	AGC	0	0	55.7	
CM049888.1	22	40419122	40419210	Tyr	GTA	40419159	40419174	71.6	
CM049888.1	23	40419538	40419610	Ala	AGC	0	0	55.7	
CM049888.1	24	40420354	40420442	Tyr	GTA	40420391	40420406	71.6	
CM049888.1	25	40420770	40420842	Ala	AGC	0	0	55.7	
CM049888.1	26	40421586	40421674	Tyr	GTA	40421623	40421638	71.6	
CM049888.1	27	40422002	40422074	Ala	AGC	0	0	55.7	
CM049888.1	28	40422818	40422906	Tyr	GTA	40422855	40422870	71.6	
CM049888.1	29	40423234	40423306	Ala	AGC	0	0	55.7	
CM049888.1	30	40424050	40424138	Tyr	GTA	40424087	40424102	71.6	
CM049888.1	31	40424466	40424538	Ala	AGC	0	0	55.7	
CM049888.1	33	48315831	48315903	Ala	AGC	0	0	58.9	
CM049888.1	34	48319136	48319208	Ala	AGC	0	0	58.9	
CM049888.1	35	48319732	48319804	Ala	AGC	0	0	58.9	
CM049888.1	36	48813739	48813812	Asn	GTT	0	0	81.3	
CM049888.1	37	49635864	49635934	Gly	CCC	0	0	76.1	
CM049888.1	38	55699225	55699297	Lys	CTT	0	0	89.4	
CM049888.1	39	92616150	92616222	Lys	CTT	0	0	78.8	
CM049888.1	40	102878466	102878555	Tyr	GTA	102878503	102878519	74.4	
CM049888.1	41	149329321	149329393	Arg	CCT	0	0	71.8	
CM049888.1	42	151837514	151837587	Asn	GTT	0	0	80.9	
CM049888.1	43	165098973	165099044	Gly	TCC	0	0	73.8	
CM049888.1	44	171459047	171459119	Lys	CTT	0	0	80.3	
CM049888.1	45	161193641	161193568	Asn	GTT	0	0	75.0	
CM049888.1	46	158902485	158902412	Asn	GTT	0	0	80.9	
CM049888.1	47	127894585	127894513	Arg	ACG	0	0	64.2	
CM049888.1	49	48316909	48316837	Ala	AGC	0	0	58.9	
CM049888.1	50	48304075	48304003	Ala	AGC	0	0	58.9	
CM049888.1	52	40394594	40394522	Arg	ACG	0	0	64.6	
CM049888.1	53	40393176	40393086	Tyr	GTA	40393139	40393122	75.4	
CM049888.1	56	2310886	2310814	Phe	GAA	0	0	83.4	
CM049889.1	1	4260672	4260743	Trp	CCA	0	0	67.3	
CM049889.1	2	4261746	4261818	Arg	ACG	0	0	67.7	
CM049889.1	4	4264524	4264596	Arg	ACG	0	0	67.7	
CM049889.1	5	4266168	4266240	Arg	ACG	0	0	67.7	
CM049889.1	6	4269703	4269774	Trp	CCA	0	0	78.8	
CM049889.1	8	11154286	11154367	Ser	AGA	0	0	89.6	
CM049889.1	9	75488352	75488422	Gly	GCC	0	0	81.0	
CM049889.1	10	100166588	100166674	SeC	TCA	0	0	145.2	
CM049889.1	11	111009380	111009452	Thr	TGT	0	0	84.1	
CM049889.1	14	108059500	108059406	Ile	TAT	108059462	108059442	73.1	
CM049889.1	15	104093606	104093513	Ile	TAT	104093568	104093549	73.1	
CM049889.1	16	78185071	78184989	Leu	TAA	0	0	88.1	
CM049889.1	18	62123028	62122957	Glu	CTC	0	0	73.2	
CM049889.1	19	48516565	48516495	Sup	TCA	0	0	50.5	
CM049889.1	20	33723341	33723270	Trp	CCA	0	0	77.6	
CM049889.1	21	33715991	33715920	Trp	CCA	0	0	77.6	
CM049889.1	22	13794457	13794386	Glu	CTC	0	0	74.7	
CM049889.1	23	4269020	4268949	Trp	CCA	0	0	67.3	
CM049889.1	24	4267946	4267874	Arg	ACG	0	0	67.7	
CM049890.1	1	7389837	7389765	Val	AAC	0	0	79.4	
CM049891.1	1	20708536	20708606	Gly	CCC	0	0	76.1	
CM049891.1	2	72975125	72975197	Lys	CTT	0	0	87.8	
CM049891.1	3	46653791	46653710	Ser	TGA	0	0	94.0	
CM049891.1	4	44972267	44972196	Glu	TTC	0	0	73.4	
CM049891.1	5	35025356	35025284	Lys	CTT	0	0	61.0	
CM049891.1	6	6858914	6858830	Arg	TCT	6858877	6858866	71.1	
CM049892.1	1	1145284	1145354	Gly	GCC	0	0	81.0	
CM049892.1	2	18879996	18880068	Val	GAC	0	0	74.8	
CM049892.1	5	45128909	45128980	Ala	TGC	0	0	70.9	
CM049892.1	6	45129936	45130007	Pro	AGG	0	0	67.4	
CM049892.1	7	45130695	45130766	Pro	TGG	0	0	67.4	
CM049892.1	8	45131129	45131200	Ala	TGC	0	0	73.4	
CM049892.1	9	45132208	45132279	Pro	AGG	0	0	61.2	
CM049892.1	10	45147222	45147303	Ser	CGA	0	0	88.8	
CM049892.1	12	45148325	45148396	Ala	TGC	0	0	70.9	
CM049892.1	13	45149335	45149406	Pro	AGG	0	0	67.4	
CM049892.1	14	45150452	45150523	Ala	CGC	0	0	76.2	
CM049892.1	15	45152153	45152224	Ala	TGC	0	0	70.9	
CM049892.1	16	45153319	45153390	Pro	AGG	0	0	67.4	
CM049892.1	17	45153685	45153758	Thr	AGT	0	0	75.4	
CM049892.1	18	45156881	45156953	Met	CAT	0	0	79.3	
CM049892.1	19	45157394	45157475	Ser	GCT	0	0	91.9	
CM049892.1	20	63732593	63732665	Val	AAC	0	0	79.4	
CM049892.1	21	45157279	45157207	Met	CAT	0	0	79.3	
CM049892.1	22	45156684	45156603	Ser	GCT	0	0	91.9	
CM049892.1	23	45153039	45152958	Ser	CGA	0	0	88.8	
CM049892.1	24	45151902	45151831	Pro	CGG	0	0	63.0	
CM049892.1	25	45151551	45151480	Ala	TGC	0	0	70.9	
CM049892.1	26	45151188	45151107	Ser	TGA	0	0	88.8	
CM049892.1	27	45150190	45150119	Pro	CGG	0	0	67.4	
CM049892.1	28	45149826	45149755	Ala	TGC	0	0	73.4	
CM049892.1	29	45148763	45148692	Pro	AGG	0	0	67.4	
CM049892.1	30	45146404	45146333	Pro	TGG	0	0	67.4	
CM049892.1	31	45145970	45145899	Ala	TGC	0	0	73.4	
CM049892.1	32	45144918	45144845	Thr	AGT	0	0	72.1	
CM049892.1	33	45144189	45144108	Ser	GCT	0	0	91.9	
CM049892.1	34	45133660	45133589	Pro	CGG	0	0	67.4	
CM049892.1	35	45133418	45133347	Ala	TGC	0	0	70.9	
CM049892.1	37	45132795	45132724	Ala	CGC	0	0	73.4	
CM049892.1	39	45129347	45129276	Pro	AGG	0	0	67.4	
CM049892.1	40	45128124	45128043	Ser	CGA	0	0	88.8	
CM049892.1	41	1145648	1145577	Ala	CGC	0	0	74.4	
CM049893.1	1	5225694	5225765	Gly	TCC	0	0	73.8	
CM049893.1	2	20298819	20298900	Leu	AAG	0	0	74.8	
CM049893.1	3	20741336	20741408	Thr	TGT	0	0	84.1	
CM049893.1	5	75203774	75203693	Ser	GCT	0	0	88.4	
CM049893.1	7	54638017	54637945	Ala	AGC	0	0	58.9	
CM049893.1	8	13308335	13308262	Ile	AAT	0	0	81.2	
CM049893.1	9	6340417	6340345	Lys	CTT	0	0	88.0	
CM049894.1	1	1806432	1806503	Glu	TTC	0	0	70.4	
CM049894.1	2	4411364	4411278	SeC	TCA	0	0	113.5	
CM049894.1	3	3574611	3574496	Leu	CAA	3574573	3574542	77.7	
CM049895.1	1	2941299	2941371	Met	CAT	0	0	82.3	
CM049895.1	2	22248224	22248294	Gly	GCC	0	0	81.0	
CM049895.1	3	22248850	22248920	Gly	GCC	0	0	81.0	
CM049895.1	4	22249850	22249920	Gly	GCC	0	0	81.0	
CM049895.1	5	22250833	22250903	Gly	GCC	0	0	81.0	
CM049895.1	6	22337219	22337289	Gly	GCC	0	0	81.0	
CM049895.1	7	22664445	22664517	Lys	TTT	0	0	80.9	
CM049895.1	8	23147971	23148042	His	GTG	0	0	58.4	
CM049895.1	9	23150988	23151059	His	GTG	0	0	58.4	
CM049895.1	10	23534881	23534963	Leu	CAG	0	0	77.3	
CM049895.1	11	23535190	23535108	Leu	CAG	0	0	77.3	
CM049895.1	12	23150343	23150271	Lys	TTT	0	0	80.9	
CM049895.1	13	22663798	22663727	His	GTG	0	0	58.4	
CM049895.1	14	22325996	22325926	Gly	GCC	0	0	81.0	
CM049895.1	15	12315078	12315005	Thr	AGT	0	0	82.6	
CM049896.1	1	8822067	8822138	Asp	GTC	0	0	66.5	
CM049897.1	1	13134923	13134841	Leu	TAA	0	0	88.2	
CM049898.1	1	24567441	24567512	His	GTG	0	0	60.1	
CM049898.1	2	24625778	24625849	iMet	CAT	0	0	60.4	
CM049898.1	4	24732258	24732329	Gly	TCC	0	0	73.8	
CM049898.1	5	24744393	24744474	Ser	AGA	0	0	89.6	
CM049898.1	6	24746050	24746121	iMet	CAT	0	0	60.4	
CM049898.1	7	24747999	24748070	Gly	TCC	0	0	67.6	
CM049898.1	8	24749182	24749264	Leu	CAG	0	0	72.9	
CM049898.1	9	24771769	24771850	Ser	AGA	0	0	77.2	
CM049898.1	10	24788642	24788713	Gly	TCC	0	0	60.0	
CM049898.1	11	24805817	24805888	Gln	CTG	0	0	69.0	
CM049898.1	12	24820726	24820807	Ser	AGA	0	0	81.5	
CM049898.1	13	24823486	24823557	iMet	CAT	0	0	52.8	
CM049898.1	14	24826517	24826588	Gly	TCC	0	0	67.6	
CM049898.1	15	24827700	24827782	Leu	CAG	0	0	71.9	
CM049898.1	16	24831355	24831426	Gln	CTG	0	0	72.1	
CM049898.1	17	24857647	24857718	Gly	TCC	0	0	55.8	
CM049898.1	18	24882878	24882949	Gly	TCC	0	0	64.7	
CM049898.1	20	24917754	24917835	Ser	AGA	0	0	89.6	
CM049898.1	21	24920518	24920589	iMet	CAT	0	0	60.4	
CM049898.1	22	24923554	24923625	Gly	TCC	0	0	59.3	
CM049898.1	23	24924737	24924819	Leu	CAG	0	0	57.3	
CM049898.1	24	24928324	24928395	Gln	CTG	0	0	63.4	
CM049898.1	25	24953473	24953554	Ser	AGA	0	0	89.6	
CM049898.1	26	24956252	24956323	iMet	CAT	0	0	60.4	
CM049898.1	27	24959290	24959361	Gly	TCC	0	0	59.3	
CM049898.1	30	24995551	24995622	Gly	TCC	0	0	55.8	
CM049898.1	31	25021354	25021435	Ser	AGA	0	0	89.6	
CM049898.1	32	25024133	25024204	iMet	CAT	0	0	60.4	
CM049898.1	33	25027171	25027242	Gly	TCC	0	0	69.2	
CM049898.1	34	25028357	25028439	Leu	CAG	0	0	69.4	
CM049898.1	35	25262145	25262217	Thr	CGT	0	0	83.7	
CM049898.1	36	25240585	25240514	His	GTG	0	0	52.8	
CM049898.1	37	25020321	25020250	Gly	TCC	0	0	55.8	
CM049898.1	39	25012054	25011983	Gln	CTG	0	0	72.1	
CM049898.1	40	24990229	24990148	Ser	AGA	0	0	89.6	
CM049898.1	41	24987450	24987379	iMet	CAT	0	0	60.4	
CM049898.1	42	24984414	24984343	Gly	TCC	0	0	59.3	
CM049898.1	43	24983231	24983149	Leu	CAG	0	0	57.3	
CM049898.1	44	24979794	24979723	Gln	CTG	0	0	74.1	
CM049898.1	45	24962622	24962541	Ser	AGA	0	0	89.6	
CM049898.1	46	24948142	24948071	Gly	TCC	0	0	55.8	
CM049898.1	47	24916721	24916650	Gly	TCC	0	0	55.8	
CM049898.1	48	24898650	24898569	Ser	AGA	0	0	89.6	
CM049898.1	49	24881858	24881777	Ser	AGA	0	0	89.6	
CM049898.1	50	24879079	24879008	iMet	CAT	0	0	60.4	
CM049898.1	51	24876048	24875977	Gly	TCC	0	0	67.6	
CM049898.1	52	24874865	24874783	Leu	CAG	0	0	71.9	
CM049898.1	53	24871270	24871199	Gln	CTG	0	0	69.0	
CM049898.1	54	24856627	24856546	Ser	AGA	0	0	89.6	
CM049898.1	55	24853848	24853777	iMet	CAT	0	0	60.4	
CM049898.1	56	24850827	24850756	Gly	TCC	0	0	67.6	
CM049898.1	57	24849644	24849562	Leu	CAG	0	0	71.9	
CM049898.1	58	24819693	24819622	Gly	TCC	0	0	52.9	
CM049898.1	59	24798786	24798715	Gln	CTG	0	0	69.0	
CM049898.1	60	24787643	24787562	Ser	AGA	0	0	80.3	
CM049898.1	61	24785986	24785915	iMet	CAT	0	0	60.4	
CM049898.1	62	24784037	24783966	Gly	TCC	0	0	67.6	
CM049898.1	63	24782854	24782772	Leu	CAG	0	0	72.9	
CM049898.1	64	24760267	24760186	Ser	AGA	0	0	77.2	
CM049898.1	65	24743360	24743289	Gly	TCC	0	0	60.0	
CM049898.1	66	24626091	24626018	Ile	AAT	0	0	80.3	
CM049898.1	67	24567947	24567876	His	GTG	0	0	60.1	
CM049898.1	68	14683539	14683467	Lys	CTT	0	0	88.0	
CM049898.1	69	12587244	12587173	Gln	CTG	0	0	71.5	
CM049898.1	70	6422925	6422853	Arg	TCG	0	0	74.8	
CM049899.1	1	5431785	5431855	Gly	CCC	0	0	75.1	
CM049899.1	2	5662320	5662392	Lys	TTT	0	0	81.0	
CM049899.1	3	15292356	15292437	Leu	AAG	0	0	74.8	
CM049899.1	4	15248628	15248547	Leu	TAG	0	0	73.9	
CM049899.1	5	12050721	12050650	Thr	CGT	0	0	79.6	
CM049900.1	1	1917454	1917525	Glu	CTC	0	0	73.2	
CM049900.1	2	14950183	14950254	Glu	TTC	0	0	66.5	
CM049900.1	3	19416654	19416725	Glu	TTC	0	0	71.2	
CM049901.1	1	5449355	5449426	Asp	GTC	0	0	66.5	
CM049901.1	2	5449862	5449934	Phe	GAA	0	0	88.9	
CM049901.1	3	5450186	5450257	Asp	GTC	0	0	66.5	
CM049901.1	4	5450629	5450700	Ala	TGC	0	0	76.2	
CM049901.1	5	5449094	5449023	Ala	TGC	0	0	78.7	
CM049902.1	1	1580107	1580188	Ser	GCT	0	0	88.4	
CM049902.1	2	1602961	1603042	Ser	GCT	0	0	88.4	
CM049902.1	3	2031127	2031199	Lys	CTT	0	0	90.2	
CM049902.1	4	6066738	6066809	iMet	CAT	0	0	60.4	
CM049902.1	5	6068090	6068161	Gln	CTG	0	0	71.5	
CM049902.1	6	6068825	6068896	Gln	TTG	0	0	70.8	
CM049902.1	7	15721021	15721093	Arg	TCT	0	0	66.7	
CM049902.1	8	15722492	15722564	Arg	CCT	0	0	71.1	
CM049902.1	9	15726897	15726825	Arg	TCG	0	0	68.8	
CM049902.1	10	15726531	15726459	Arg	CCT	0	0	67.5	
CM049902.1	11	15723121	15723049	Arg	TCG	0	0	64.9	
CM049902.1	12	15722021	15721949	Arg	CCT	0	0	67.5	
CM049902.1	13	13015161	13015090	Thr	CGT	0	0	78.3	
CM049902.1	14	12244172	12244100	Arg	CCG	0	0	64.9	
CM049902.1	15	1615513	1615432	Ser	GCT	0	0	88.4	
CM049902.1	16	1592659	1592578	Ser	GCT	0	0	88.4	
CM049902.1	17	1569798	1569717	Ser	GCT	0	0	88.4	
CM049903.1	1	13101820	13101901	Ser	TGA	0	0	94.8	
CM049903.1	2	13102699	13102628	Glu	CTC	0	0	76.6	
CM049903.1	3	7134031	7133961	Gly	GCC	0	0	81.0	
CM049904.1	1	2501768	2501840	Thr	AGT	0	0	78.7	
CM049904.1	2	7127064	7127153	Arg	TCT	7127101	7127117	70.1	
CM049905.1	1	9781787	9781714	Asn	GTT	0	0	82.2	
CM049908.1	1	745978	746050	Asn	GTT	0	0	60.3	
CM049908.1	2	7230010	7230083	Asn	GTT	0	0	80.9	
CM049908.1	3	7370919	7371009	Ile	TAT	7370957	7370973	73.2	
CM049908.1	4	7368510	7368439	Cys	GCA	0	0	81.9	
CM049908.1	5	7280991	7280920	Cys	GCA	0	0	81.8	
CM049908.1	6	7278711	7278640	Cys	GCA	0	0	77.4	
CM049908.1	7	7273997	7273926	Cys	GCA	0	0	72.8	
CM049908.1	8	7273640	7273569	Cys	GCA	0	0	81.9	
CM049908.1	9	7273131	7273060	Cys	GCA	0	0	71.9	
CM049908.1	10	7272666	7272595	Cys	GCA	0	0	71.9	
CM049908.1	11	7272183	7272112	Cys	GCA	0	0	71.9	
CM049908.1	12	7271718	7271647	Cys	GCA	0	0	71.9	
CM049908.1	13	7271235	7271164	Cys	GCA	0	0	71.9	
CM049908.1	14	7270769	7270698	Cys	GCA	0	0	71.9	
CM049908.1	15	7270286	7270215	Cys	GCA	0	0	71.9	
CM049908.1	16	7269851	7269780	Cys	GCA	0	0	71.9	
CM049908.1	17	6253657	6253586	Gln	TTG	0	0	72.6	
CM049909.1	2	4764572	4764644	Lys	TTT	0	0	87.8	
CM049909.1	3	5174657	5174586	Trp	CCA	0	0	74.3	
CM049909.1	4	4764889	4764817	Lys	TTT	0	0	87.8	
CM049910.1	5	60756	60686	Gly	CCC	0	0	75.1	
CM049911.1	1	1056490	1056563	Asn	GTT	0	0	80.9	
CM049911.1	2	3369482	3369554	Val	CAC	0	0	80.4	
CM049911.1	3	3369932	3369861	Gly	TCC	0	0	73.8	
CM049911.1	4	1056274	1056202	Phe	GAA	0	0	88.9	
CM049912.1	1	6116652	6116733	Ser	CGA	0	0	92.5	
CM049914.1	1	1504061	1503990	iMet	CAT	0	0	60.4	
CM049914.1	2	36735	36662	Arg	TCT	0	0	78.5	
CM049917.1	1	110606	110713	Leu	CAA	110644	110667	74.5	
CM049917.1	2	111070	111141	Glu	CTC	0	0	73.2	
CM049917.1	3	127152	127233	Leu	AAG	0	0	74.8	
CM049917.1	4	154645	154716	Glu	TTC	0	0	68.7	
CM049917.1	5	155705	155777	Lys	CTT	0	0	87.8	
CM049917.1	6	155947	156054	Leu	CAA	155985	156008	75.0	
CM049917.1	7	156476	156548	Val	CAC	0	0	78.7	
CM049917.1	8	263140	263059	Leu	AAG	0	0	74.8	
CM049917.1	10	201580	201508	Val	CAC	0	0	78.7	
CM049917.1	11	201221	201149	Lys	CTT	0	0	87.8	
CM049917.1	12	157055	156984	Glu	CTC	0	0	73.2	
CM049917.1	13	155310	155238	Val	CAC	0	0	78.7	
CM049917.1	14	154435	154364	Glu	TTC	0	0	67.1	
CM049917.1	15	154066	153994	Val	AAC	0	0	78.6	
CM049917.1	16	153274	153202	Val	CAC	0	0	78.7	
CM049917.1	17	152667	152595	Val	AAC	0	0	77.3	
CM049917.1	18	150462	150391	Glu	CTC	0	0	73.2	
CM049917.1	19	150061	149989	Lys	CTT	0	0	87.8	
CM049917.1	20	148141	148069	Lys	CTT	0	0	87.8	
CM049917.1	21	129283	129211	Thr	TGT	0	0	78.8	
CM049917.1	22	129042	128971	Pro	TGG	0	0	70.3	
CM049917.1	23	127594	127522	Val	AAC	0	0	78.0	
CM049917.1	24	126152	126080	Thr	TGT	0	0	78.3	
CM049917.1	25	125529	125458	Pro	TGG	0	0	70.3	
CM049917.1	26	124678	124605	Asn	GTT	0	0	80.9	
CM049922.1	1	1048771	1048843	Lys	CTT	0	0	75.0	
CM049922.1	2	3723059	3723131	Lys	CTT	0	0	88.0	
CM049922.1	5	29013828	29013901	Lys	CTT	0	0	63.0	
CM049922.1	6	36576715	36576643	Lys	CTT	0	0	64.4	
CM049922.1	8	30986457	30986385	Lys	CTT	0	0	78.0	
CM049922.1	9	17941947	17941872	Lys	CTT	0	0	53.0	pseudo
CM049922.1	11	11014736	11014664	Lys	CTT	0	0	55.4	
CM049922.1	12	892950	892878	Lys	CTT	0	0	75.0	
CM049923.1	1	36363992	36364063	His	GTG	0	0	56.6	
CM049923.1	3	36371201	36371130	His	GTG	0	0	59.1	
CM049923.1	4	28400980	28400907	Asn	GTT	0	0	77.0	
JAPZLJ010000088.1	1	1680404	1680476	Phe	GAA	0	0	81.2	
JAPZLJ010000088.1	2	1681667	1681738	Ala	CGC	0	0	67.6	
JAPZLJ010000088.1	3	1777110	1777182	Phe	GAA	0	0	81.2	
JAPZLJ010000088.1	4	1778373	1778444	Ala	CGC	0	0	67.6	
JAPZLJ010000088.1	5	1922924	1922996	Phe	GAA	0	0	81.2	
JAPZLJ010000088.1	6	1924176	1924247	Ala	CGC	0	0	67.6	
JAPZLJ010000088.1	7	1989314	1989386	Phe	GAA	0	0	81.2	
JAPZLJ010000088.1	8	1990577	1990648	Ala	CGC	0	0	67.6	
JAPZLJ010000088.1	9	2062719	2062791	Phe	GAA	0	0	81.2	
JAPZLJ010000088.1	10	2063982	2064053	Ala	CGC	0	0	67.6	
JAPZLJ010000088.1	11	2145254	2145326	Phe	GAA	0	0	81.2	
JAPZLJ010000088.1	12	2146524	2146595	Ala	CGC	0	0	67.6	
JAPZLJ010000088.1	13	2268724	2268797	Phe	GAA	0	0	73.0	
JAPZLJ010000088.1	14	2269988	2270059	Ala	CGC	0	0	67.6	
JAPZLJ010000088.1	15	2359278	2359350	Phe	GAA	0	0	81.2	
JAPZLJ010000088.1	16	2360542	2360613	Ala	CGC	0	0	67.6	
JAPZLJ010000088.1	17	2487494	2487566	Phe	GAA	0	0	81.2	
JAPZLJ010000088.1	18	2488757	2488828	Ala	CGC	0	0	67.6	
JAPZLJ010000088.1	19	2586967	2587039	Phe	GAA	0	0	81.2	
JAPZLJ010000088.1	20	2588240	2588311	Ala	CGC	0	0	67.6	
JAPZLJ010000088.1	21	2599889	2599961	Phe	GAA	0	0	81.2	
JAPZLJ010000088.1	22	2601162	2601233	Ala	CGC	0	0	67.6	
JAPZLJ010000088.1	23	2760260	2760332	Phe	GAA	0	0	81.2	
JAPZLJ010000088.1	24	2761523	2761594	Ala	CGC	0	0	67.6	
JAPZLJ010000088.1	25	2847881	2847953	Phe	GAA	0	0	81.2	
JAPZLJ010000088.1	26	2849140	2849211	Ala	CGC	0	0	67.6	
JAPZLJ010000088.1	27	2948369	2948441	Phe	GAA	0	0	81.2	
JAPZLJ010000088.1	28	2949628	2949699	Ala	CGC	0	0	67.6	
JAPZLJ010000088.1	29	3038491	3038563	Phe	GAA	0	0	81.2	
JAPZLJ010000088.1	30	3039756	3039827	Ala	CGC	0	0	67.6	
JAPZLJ010000088.1	31	3126170	3126242	Phe	GAA	0	0	81.2	
JAPZLJ010000088.1	32	3127435	3127506	Ala	CGC	0	0	67.6	
JAPZLJ010000088.1	33	3213840	3213912	Phe	GAA	0	0	81.2	
JAPZLJ010000088.1	34	3215099	3215170	Ala	CGC	0	0	67.6	
JAPZLJ010000088.1	35	3313412	3313484	Phe	GAA	0	0	81.2	
JAPZLJ010000088.1	36	3314675	3314746	Ala	CGC	0	0	67.6	
JAPZLJ010000088.1	37	1441749	1441677	Phe	GAA	0	0	81.2	
JAPZLJ010000088.1	38	1440490	1440419	Ala	CGC	0	0	67.6	
JAPZLJ010000088.1	39	1366162	1366090	Phe	GAA	0	0	81.2	
JAPZLJ010000088.1	40	1364892	1364821	Ala	CGC	0	0	67.6	
JAPZLJ010000088.1	42	1276119	1276048	Ala	CGC	0	0	67.6	
JAPZLJ010000088.1	43	1119279	1119207	Phe	GAA	0	0	81.2	
JAPZLJ010000088.1	44	1118006	1117935	Ala	CGC	0	0	67.6	
JAPZLJ010000088.1	46	1041228	1041157	Ala	TGC	0	0	67.6	
JAPZLJ010000088.1	47	961866	961794	Phe	GAA	0	0	81.2	
JAPZLJ010000088.1	48	960603	960532	Ala	CGC	0	0	67.6	
JAPZLJ010000088.1	49	883210	883138	Phe	GAA	0	0	81.2	
JAPZLJ010000088.1	50	881947	881876	Ala	CGC	0	0	67.6	
JAPZLJ010000088.1	52	771939	771868	Ala	CGC	0	0	67.6	
JAPZLJ010000088.1	53	651391	651319	Phe	GAA	0	0	81.2	
JAPZLJ010000088.1	54	650128	650057	Ala	CGC	0	0	67.6	
JAPZLJ010000088.1	55	561300	561228	Phe	GAA	0	0	81.2	
JAPZLJ010000088.1	56	560035	559964	Ala	CGC	0	0	67.6	
JAPZLJ010000088.1	57	473609	473537	Phe	GAA	0	0	81.2	
JAPZLJ010000088.1	58	472350	472279	Ala	CGC	0	0	67.6	
JAPZLJ010000088.1	59	357454	357381	Phe	GAA	0	0	73.0	
JAPZLJ010000088.1	60	356189	356118	Ala	CGC	0	0	67.6	
JAPZLJ010000088.1	61	270021	269949	Phe	GAA	0	0	81.2	
JAPZLJ010000088.1	62	268758	268687	Ala	CGC	0	0	67.6	
